<?xml version="1.0" encoding="utf-8"?>
<mujoco>
    <include file="shared_config.xml"></include>
    <worldbody>
        <include file="sawyer_xyz_base.xml"></include>
        <body name="RoundNut" pos="0.1 0.6 0.02">
          <inertial mass=".1" diaginertia="100000 100000 100000" pos="0 0 0"/>
          <!-- <geom name="RoundNut-0" pos="-0.04245 0 0.0" size="0.01125 0.0225 0.02" type="box" solimp="0.998 0.998 0.001" solref="0.02 1" density="100" friction="0.95 0.3 0.1" rgba="1 0 0 1" group="1" condim="4" conaffinity="1" contype="1"/>
          <geom name="RoundNut-1" pos="0.04245 0 0.0" size="0.01125 0.0225 0.02" type="box" solimp="0.998 0.998 0.001" solref="0.02 1" density="100" friction="0.95 0.3 0.1" rgba="1 0 0 1" group="1" condim="4" conaffinity="1" contype="1"/>
          <geom name="RoundNut-2" pos="0 -0.04245 0.0" size="0.0225 0.01125 0.02" type="box" solimp="0.998 0.998 0.001" solref="0.02 1" density="100" friction="0.95 0.3 0.1" rgba="1 0 0 1" group="1" condim="4" conaffinity="1" contype="1"/>
          <geom name="RoundNut-3" pos="0 0.04245 0.0" size="0.0225 0.01125 0.02" type="box" solimp="0.998 0.998 0.001" solref="0.02 1" density="100" friction="0.95 0.3 0.1" rgba="1 0 0 1" group="1" condim="4" conaffinity="1" contype="1"/>
          <geom name="RoundNut-4" pos="-0.03 -0.03 0.0" size="0.01125 0.0225 0.02" axisangle='0 0 1 0.785398' type="box" solimp="0.998 0.998 0.001" solref="0.02 1" density="100" friction="0.95 0.3 0.1" rgba="1 0 0 1" group="1" condim="4" conaffinity="1" contype="1"/>
          <geom name="RoundNut-5" pos="0.03 0.03 0.0" size="0.01125 0.0225 0.02" axisangle='0 0 1 0.785398' type="box" solimp="0.998 0.998 0.001" solref="0.02 1" density="100" friction="0.95 0.3 0.1" rgba="1 0 0 1" group="1" condim="4" conaffinity="1" contype="1"/>
          <geom name="RoundNut-6" pos="0.03 -0.03 0.0" size="0.0225 0.01125 0.02" axisangle='0 0 1 0.785398' type="box" solimp="0.998 0.998 0.001" solref="0.02 1" density="100" friction="0.95 0.3 0.1" rgba="1 0 0 1" group="1" condim="4" conaffinity="1" contype="1"/>
          <geom name="RoundNut-7" pos="-0.03 0.03 0.0" size="0.0225 0.01125 0.02" axisangle='0 0 1 0.785398' type="box" solimp="0.998 0.998 0.001" solref="0.02 1" density="100" friction="0.95 0.3 0.1" rgba="1 0 0 1" group="1" condim="4" conaffinity="1" contype="1"/>
          <geom name="RoundNut-8" pos="0.06 0 0.0" size="0.03 0.01125 0.02" type="box" solimp="0.998 0.998 0.001" solref="0.02 1" density="100" friction="0.95 0.3 0.1" rgba="1 0 0 1" group="1" condim="4" conaffinity="1" contype="1"/> -->
          <geom name="RoundNut-0" pos="-0.04245 0 0.0" size="0.01125 0.0225 0.02" type="box" density="100" friction="0.95 0.3 0.1" rgba="1 0 0 1" group="1" condim="4" conaffinity="1" contype="1"/>
          <geom name="RoundNut-1" pos="0.04245 0 0.0" size="0.01125 0.0225 0.02" type="box" density="100" friction="0.95 0.3 0.1" rgba="1 0 0 1" group="1" condim="4" conaffinity="1" contype="1"/>
          <geom name="RoundNut-2" pos="0 -0.04245 0.0" size="0.0225 0.01125 0.02" type="box" density="100" friction="0.95 0.3 0.1" rgba="1 0 0 1" group="1" condim="4" conaffinity="1" contype="1"/>
          <geom name="RoundNut-3" pos="0 0.04245 0.0" size="0.0225 0.01125 0.02" type="box" density="100" friction="0.95 0.3 0.1" rgba="1 0 0 1" group="1" condim="4" conaffinity="1" contype="1"/>
          <geom name="RoundNut-4" pos="-0.03 -0.03 0.0" size="0.01125 0.0225 0.02" axisangle='0 0 1 0.785398' type="box" density="100" friction="0.95 0.3 0.1" rgba="1 0 0 1" group="1" condim="4" conaffinity="1" contype="1"/>
          <geom name="RoundNut-5" pos="0.03 0.03 0.0" size="0.01125 0.0225 0.02" axisangle='0 0 1 0.785398' type="box" density="100" friction="0.95 0.3 0.1" rgba="1 0 0 1" group="1" condim="4" conaffinity="1" contype="1"/>
          <geom name="RoundNut-6" pos="0.03 -0.03 0.0" size="0.0225 0.01125 0.02" axisangle='0 0 1 0.785398' type="box" density="100" friction="0.95 0.3 0.1" rgba="1 0 0 1" group="1" condim="4" conaffinity="1" contype="1"/>
          <geom name="RoundNut-7" pos="-0.03 0.03 0.0" size="0.0225 0.01125 0.02" axisangle='0 0 1 0.785398' type="box" density="100" friction="0.95 0.3 0.1" rgba="1 0 0 1" group="1" condim="4" conaffinity="1" contype="1"/>
          <geom name="RoundNut-8" pos="0.06 0 0.0" size="0.03 0.01125 0.02" type="box" density="100" friction="0.95 0.3 0.1" rgba="1 0 0 1" group="1" condim="4" conaffinity="1" contype="1"/>
          <joint name="RoundNut" type="free" limited='false' damping="0.0005"/>
          <site rgba="1 0 0 1" size="0.002 0.002 0.002" pos="0 0 0" type="sphere" name="RoundNut"/>
          <site rgba="1 1 1 1" size="0.005 0.005 0.005" pos="0.09 0 0.0" type="sphere" name="RoundNut-8"/>
        </body>
        <body name="peg" pos="0.1 0.8 0.05">
          <!-- <geom pos="0 0 0" size="0.02 0.05" type="cylinder" friction="1 0.005 0.0001"/> -->
          <geom pos="0 0 0" rgba="1 0.3 0.3 1" size="0.02 0.05" type="cylinder" conaffinity="1" contype="1" group="1" friction="1 0.005 0.0001"/>
          <site name="pegTop" pos="0 0 0.05" size="0.005" rgba="0 0.8 0 1"/>
        </body>

       
    </worldbody>
    <!-- <asset>
      <texture file="metal.png" type="2d" name="tex-metal"/>
      <material name="metal" reflectance="0.7" texrepeat="1 1" texture="tex-metal" texuniform="true"/>
    </asset> -->
    <!-- <sensor>
        <touch name='rightclaw_sensor' site='rightEndEffector'/>
        <touch name='leftclaw_sensor' site='leftEndEffector'/>
    </sensor> -->
    <actuator>
        <position ctrllimited="true" ctrlrange="-1 1" joint="r_close" kp="400"  user="1"/>
        <position ctrllimited="true" ctrlrange="-1 1" joint="l_close" kp="400"  user="1"/>
    </actuator>
</mujoco>
