<?xml version="1.0" encoding="utf-8"?>
<mujoco>
  <include file="shared_config.xml"></include>
  <worldbody>
    <include file="sawyer_xyz_base_no_table.xml"></include>
        <geom name="tableTop" type="box" pos="0 0.55 -0.05" size="0.4 0.4 0.05"
          rgba=".6 .6 .5 1" contype="1" conaffinity="1" friction="2 0.1 0.002" material="light_wood_v3"/>

        <body name="obj" pos="0 0.6 0.02">
            <joint name="objjoint" type="free" limited='false' damping="0.0" armature="0" />
            <inertial pos="0 0 0" mass="0.01" diaginertia="100000 100000 100000"/>
            <geom name="objGeom" type="box" pos="0 0 0" solimp="0.99 0.99 0.01"
                  size="0.02 0.02 0.02" rgba="0 0 0 1" solref="0.01 1"
                  contype="1" conaffinity="1" friction="1 0.1 0.002" condim="4" 
            />
            <!-- <geom name="objGeom" type="box" pos="0 0 0" solimp="0.99 0.99 0.01"
                  size="0.02 0.02 0.02" rgba="0 0 1 1" solref="0.01 1"
                  contype="1" conaffinity="1" friction="2 0.1 0.002" condim="4" 
            /> -->
            <site name="obj" pos="0 0 0" size="0.01" />
        </body>

        <site name="hand-goal-site" pos="0 0 0" size="0.01"
              rgba="1 0.5 0.5 0"/>
        <site name="goal" pos="0 0 0" size="0.01"
              rgba="0.5 0.5 1 1"/>
  </worldbody>
  <actuator>
      <position ctrllimited="true" ctrlrange="-1 1" joint="r_close" kp="400"  user="1"/>
      <position ctrllimited="true" ctrlrange="-1 1" joint="l_close" kp="400"  user="1"/>
  </actuator>
   <!--  <actuator>
        <motor joint="right_j0" ctrlrange="-100.0 100.0" ctrllimited="false"/>
        <motor joint="right_j1" ctrlrange="-100.0 100.0" ctrllimited="false"/>
        <motor joint="right_j2" ctrlrange="-100.0 100.0" ctrllimited="false"/>
        <motor joint="right_j3" ctrlrange="-100.0 100.0" ctrllimited="false"/>
        <motor joint="right_j4" ctrlrange="-100.0 100.0" ctrllimited="false"/>
        <motor joint="right_j5" ctrlrange="-100.0 100.0" ctrllimited="false"/>
        <motor joint="right_j6" ctrlrange="-100.0 100.0" ctrllimited="false"/>
       <motor gear="100" joint="rc_close"  />
    </actuator> -->
</mujoco>