EPI_ISL_111220,A/Victoria/75/1995
EPI_ISL_120334,A/Malaysia/07145/1995
EPI_ISL_12,A/Nagasaki/48/95
EPI_ISL_15,A/Nagasaki/97/95
EPI_ISL_5304,A/New_York/628/1995
EPI_ISL_5295,A/New_York/609/1995
EPI_ISL_5485,A/New_York/639/1995
EPI_ISL_5300,A/New_York/618/1995
EPI_ISL_5435,A/New_York/647/1995
EPI_ISL_115511,A/Lyon/2279/1995
EPI_ISL_5293,A/New_York/606/1995
EPI_ISL_5570,A/New_York/673/1995
EPI_ISL_5437,A/New_York/684/1995
EPI_ISL_5522,A/New_York/691/1995
EPI_ISL_5402,A/New_York/671/1995
EPI_ISL_5487,A/New_York/670/1995
EPI_ISL_5376,A/New_York/692/1995
EPI_ISL_5406,A/New_York/693/1995
EPI_ISL_5571,A/New_York/683/1995
EPI_ISL_5377,A/New_York/695/1995
EPI_ISL_5405,A/New_York/679/1995
EPI_ISL_5517,A/New_York/664/1995
EPI_ISL_5490,A/New_York/682/1995
EPI_ISL_5523,A/New_York/700/1995
EPI_ISL_5520,A/New_York/668/1995
EPI_ISL_115462,A/Geneva/A9509/1995
EPI_ISL_6444,A/New_York/680/1995
EPI_ISL_5379,A/New_York/697/1995
EPI_ISL_6446,A/New_York/701/1995
EPI_ISL_120335,A/Malaysia/07831/1995
EPI_ISL_120336,A/Malaysia/07832/1995
EPI_ISL_8220,A/Memphis/24/1995
EPI_ISL_115510,A/Hong_Kong/49/1995
EPI_ISL_111173,A/Hong_Kong/55/1995
EPI_ISL_115459,A/Finland/338/1995
EPI_ISL_129599,A/Wuhan/359/1995
EPI_ISL_115460,A/Finland/339/1995
EPI_ISL_115461,A/Finland/381/1995
EPI_ISL_167262,A/Wuhan/359/1995
EPI_ISL_9012,A/New_York/525/1998
EPI_ISL_9040,A/New_York/535/1998
EPI_ISL_9019,A/New_York/541/1998
EPI_ISL_13,A/Nagasaki/76/98
EPI_ISL_9043,A/New_York/527/1998
EPI_ISL_9217,A/New_York/502/1998
EPI_ISL_14,A/Nagasaki/93/98
EPI_ISL_14182,A/Hong_Kong/CUHK17697/1998
EPI_ISL_2018,A/Switzerland/7729/98
EPI_ISL_120360,A/Malaysia/17998/1998
EPI_ISL_2018,A/Switzerland/7729/98
EPI_ISL_8677,A/New_York/448/1998
EPI_ISL_3459,A/Memphis/31/98
EPI_ISL_6724,A/New_York/247/1998
EPI_ISL_111373,A/Netherlands/427/1998
EPI_ISL_9003,A/New_York/512/1998
EPI_ISL_9013,A/New_York/528/1998
EPI_ISL_14167,A/Hong_Kong/CUHK10186/1998
EPI_ISL_14170,A/Hong_Kong/CUHK10537/1998
EPI_ISL_5096,A/New_York/549/1998
EPI_ISL_5090,A/New_York/504/1998
EPI_ISL_5095,A/New_York/540/1998
EPI_ISL_9044,A/New_York/538/1998
EPI_ISL_31866,A/New_York/537/1998
EPI_ISL_5093,A/New_York/529/1998
EPI_ISL_31866,A/New_York/537/1998
EPI_ISL_5215,A/New_York/536/1998
EPI_ISL_8252,A/New_York/251/1998
EPI_ISL_6745,A/New_York/287/1998
EPI_ISL_6732,A/New_York/224/1998
EPI_ISL_6721,A/New_York/240/1998
EPI_ISL_6734,A/New_York/256/1998
EPI_ISL_115620,A/Netherlands/462/1998
EPI_ISL_167279,A/Victoria/507/1998
EPI_ISL_14193,A/Hong_Kong/CUHK18886/1998
EPI_ISL_120357,A/Malaysia/17230/1998
EPI_ISL_119766,A/Malaysia/17276/1998
EPI_ISL_120358,A/Malaysia/17332/1998
EPI_ISL_120359,A/Malaysia/17392/1998
EPI_ISL_120362,A/Malaysia/18121/1998
EPI_ISL_120363,A/Malaysia/18128/1998
EPI_ISL_20815,A/Hong_Kong/1-1/1968
EPI_ISL_20812,A/Hong_Kong/1-1-MA-20A/1968
EPI_ISL_236,A/Aichi/2/1968
EPI_ISL_69273,A/Hong_Kong/1-6-MA21-1/1968
EPI_ISL_69275,A/Hong_Kong/68
EPI_ISL_79842,A/Hong_Kong/1-2-MA21-3/1968
EPI_ISL_22618,A/Hong_Kong/1-11-MA21-2/1968
EPI_ISL_79838,A/Hong_Kong/1-6-MA21-1/1968
EPI_ISL_20819,A/Hong_Kong/1-6/1968
EPI_ISL_236,A/Aichi/2/1968
EPI_ISL_22617,A/Hong_Kong/1-11-MA21-1/1968
EPI_ISL_20824,A/Hong_Kong/1-1-MA21-1/1968
EPI_ISL_79845,A/Hong_Kong/1-10-MA21-2/1968
EPI_ISL_124885,A/Bilthoven/16190/1968
EPI_ISL_69771,A/Hong_Kong/1-6-MA21-3/1968
EPI_ISL_167237,A/Bilthoven/16190/1968
EPI_ISL_25014,A/Hong_Kong/1-10-MA21-2/1968
EPI_ISL_69770,A/Hong_Kong/1-5-MA21-1/1968
EPI_ISL_22824,A/Hong_Kong/1-8-MA21-1/1968
EPI_ISL_151,A/Hong_Kong/1/68
EPI_ISL_20813,A/Hong_Kong/1-1-MA-20B/1968
EPI_ISL_22825,A/Hong_Kong/1-8-MA21-3/1968
EPI_ISL_69272,A/Hong_Kong/1-5-MA21-3/1968
EPI_ISL_236,A/Aichi/2/1968
EPI_ISL_236,A/Aichi/2/1968
EPI_ISL_151,A/Hong_Kong/1/68
EPI_ISL_22620,A/Hong_Kong/1-12-MA21-1/1968
EPI_ISL_22823,A/Hong_Kong/1-6-MA21-2/1968
EPI_ISL_20830,A/Hong_Kong/1-4-MA21-3/1968
EPI_ISL_7092,A/Albany/6/1968
EPI_ISL_20831,A/Hong_Kong/1-5-MA21-2/1968
EPI_ISL_69270,A/Hong_Kong/1-1-MA-20/1968
EPI_ISL_110734,A/Bilthoven/15793/1968
EPI_ISL_25010,A/Hong_Kong/1-1-MA-12B/1968
EPI_ISL_236,A/Aichi/2/1968
EPI_ISL_6847,A/Albany/11/1968
EPI_ISL_79841,A/Hong_Kong/1-4-MA21-1/1968
EPI_ISL_6911,A/Albany/18/1968
EPI_ISL_245769,A/Hong_Kong/01/1968
EPI_ISL_20816,A/Hong_Kong/1-2/1968
EPI_ISL_25011,A/Hong_Kong/1-1-MA-12C/1968
EPI_ISL_236,A/Aichi/2/1968
EPI_ISL_79843,A/Hong_Kong/1-2-MA21-2/1968
EPI_ISL_6849,A/Albany/19/1968
EPI_ISL_20821,A/Hong_Kong/1-9/1968
EPI_ISL_236,A/Aichi/2/1968
EPI_ISL_69818,A/Victoria/1968
EPI_ISL_25013,A/Hong_Kong/1-1-MA-20D/1968
EPI_ISL_69769,A/Hong_Kong/1-1-MA-20C/1968
EPI_ISL_87273,A/Hong_Kong/1-2-MA21-3/1968
EPI_ISL_20817,A/Hong_Kong/1-4/1968
EPI_ISL_20827,A/Hong_Kong/1-2-MA21-1/1968
EPI_ISL_20822,A/Hong_Kong/1-10/1968
EPI_ISL_246097,A/Hong_Kong/01/1968
EPI_ISL_143165,A/Victoria/JY2/1968
EPI_ISL_22615,A/Hong_Kong/1-9-MA21-2/1968
EPI_ISL_20832,A/Hong_Kong/1-8-MA21-2/1968
EPI_ISL_236,A/Aichi/2/1968
EPI_ISL_141507,A/Aichi/2-MA/1968
EPI_ISL_20818,A/Hong_Kong/1-5/1968
EPI_ISL_25012,A/Hong_Kong/1-1-MA-12E/1968
EPI_ISL_20828,A/Hong_Kong/1-2-MA21-2/1968
EPI_ISL_20823,A/Hong_Kong/1-12/1968
EPI_ISL_87272,A/Hong_Kong/1-10-MA21-1/1968
EPI_ISL_20826,A/Hong_Kong/1-1-MA21-3/1968
EPI_ISL_243350,A/Alchi/2/1968
EPI_ISL_87274,A/Hong_Kong/1-4-MA21-1/1968
EPI_ISL_22823,A/Hong_Kong/1-6-MA21-2/1968
EPI_ISL_177747,A/Auckland/19/1996
EPI_ISL_120337,A/Malaysia/10111/1996
EPI_ISL_945,A/Vienna/47/96
EPI_ISL_115515,A/Hong_Kong/42/1996
EPI_ISL_945,A/Vienna/47/96
EPI_ISL_5280,A/New_York/617/1996
EPI_ISL_5391,A/New_York/632/1996
EPI_ISL_5354,A/New_York/602/1996
EPI_ISL_5185,A/New_York/590/1996
EPI_ISL_5289,A/New_York/572/1996
EPI_ISL_5205,A/New_York/593/1996
EPI_ISL_5292,A/New_York/603/1996
EPI_ISL_5388,A/New_York/571/1996
EPI_ISL_5217,A/New_York/563/1996
EPI_ISL_5369,A/New_York/559/1996
EPI_ISL_5368,A/New_York/557/1996
EPI_ISL_5564,A/New_York/554/1996
EPI_ISL_5483,A/New_York/556/1996
EPI_ISL_5222,A/New_York/594/1996
EPI_ISL_5436,A/New_York/652/1996
EPI_ISL_5305,A/New_York/631/1996
EPI_ISL_5294,A/New_York/608/1996
EPI_ISL_5299,A/New_York/613/1996
EPI_ISL_5394,A/New_York/641/1996
EPI_ISL_5303,A/New_York/625/1996
EPI_ISL_5393,A/New_York/636/1996
EPI_ISL_5307,A/New_York/637/1996
EPI_ISL_5301,A/New_York/619/1996
EPI_ISL_167256,A/Wellington/48/1996
EPI_ISL_115514,A/Hong_Kong/20/1996
EPI_ISL_111270,A/Singapore/1/1996
EPI_ISL_115513,A/Geneva/3958/1996
EPI_ISL_119672,A/Malaysia/10135/1996
EPI_ISL_119634,A/Malaysia/10081/1996
EPI_ISL_167266,A/Christchurch/1/1996
EPI_ISL_167264,A/Canberra/1/1996
EPI_ISL_120339,A/Malaysia/10370/1996
EPI_ISL_177746,A/Auckland/19/1996
EPI_ISL_127594,A/South_Africa/1147/1996
EPI_ISL_120338,A/Malaysia/10360/1996
EPI_ISL_115564,A/Hong_Kong/358/1996
EPI_ISL_115563,A/Hong_Kong/357/1996
EPI_ISL_115566,A/Lyon/1781/1996
EPI_ISL_120344,A/Malaysia/10997/1996
EPI_ISL_115565,A/Hong_Kong/434/1996
EPI_ISL_120343,A/Malaysia/10969/1996
EPI_ISL_119702,A/Malaysia/10970/1996
EPI_ISL_115771,A/Brisbane/8/1996
EPI_ISL_119701,A/Malaysia/10879/1996
EPI_ISL_120341,A/Malaysia/10717/1996
EPI_ISL_120342,A/Malaysia/10877/1996
EPI_ISL_119700,A/Malaysia/10816/1996
EPI_ISL_120340,A/Malaysia/10807/1996
EPI_ISL_177745,A/Auckland/5/1996
EPI_ISL_177744,A/Auckland/5/1996
EPI_ISL_119673,A/Malaysia/10675/1996
EPI_ISL_120353,A/Malaysia/12990/1997
EPI_ISL_120348,A/Malaysia/12726/1997
EPI_ISL_120350,A/Malaysia/12904/1997
EPI_ISL_1953,A/Paris/896/97
EPI_ISL_120349,A/Malaysia/12766/1997
EPI_ISL_120352,A/Malaysia/12974/1997
EPI_ISL_111315,A/Oslo/21/1997
EPI_ISL_1954,A/Paris/906/97
EPI_ISL_1955,A/Paris/908/97
EPI_ISL_167259,A/Perth/9/1997
EPI_ISL_167257,A/Victoria/47/1997
EPI_ISL_9022,A/New_York/545/1997
EPI_ISL_8979,A/New_York/511/1997
EPI_ISL_9002,A/New_York/509/1997
EPI_ISL_9009,A/New_York/522/1997
EPI_ISL_8977,A/New_York/508/1997
EPI_ISL_9011,A/New_York/524/1997
EPI_ISL_27599,A/Siena/1/1997
EPI_ISL_5177,A/New_York/576/1997
EPI_ISL_5173,A/New_York/558/1997
EPI_ISL_167258,A/Perth/5/1997
EPI_ISL_5179,A/New_York/581/1997
EPI_ISL_5151,A/New_York/564/1997
EPI_ISL_120417,A/Malaysia/12106/1997
EPI_ISL_167269,A/Canberra/9/1997
EPI_ISL_29667,A/Sydney/5/1997
EPI_ISL_111271,A/Hong_Kong/1/1997
EPI_ISL_120346,A/Malaysia/12132/1997
EPI_ISL_5158,A/New_York/583/1997
EPI_ISL_9001,A/New_York/501/1997
EPI_ISL_8975,A/New_York/503/1997
EPI_ISL_14150,A/Hong_Kong/CUHK20992/1997
EPI_ISL_14152,A/Hong_Kong/CUHK22048/1997
EPI_ISL_167261,A/Tasmania/1/1997
EPI_ISL_119763,A/Malaysia/13329/1997
EPI_ISL_119767,A/Malaysia/13381/1997
EPI_ISL_119762,A/Malaysia/13328/1997
EPI_ISL_14163,A/Hong_Kong/CUHK4529/1997
EPI_ISL_167265,A/Bangkok/1/1997
EPI_ISL_111314,A/Johannesburg/10/1997
EPI_ISL_120355,A/Malaysia/13094/1997
EPI_ISL_120356,A/Malaysia/13246/1997
EPI_ISL_119761,A/Malaysia/13241/1997
EPI_ISL_111337,A/Sydney/5/1997
EPI_ISL_120347,A/Malaysia/12550/1997
EPI_ISL_167276,A/Sydney/5/1997
EPI_ISL_6349,A/New_South_Wales/6/1999
EPI_ISL_8227,A/New_York/266/1999
EPI_ISL_2023,A/Hong_Kong/1182/99
EPI_ISL_2020,A/Hong_Kong/1144/99
EPI_ISL_177749,A/Victoria/3/1999
EPI_ISL_2020,A/Hong_Kong/1144/99
EPI_ISL_8182,A/New_York/260/1999
EPI_ISL_6874,A/New_South_Wales/19/1999
EPI_ISL_8173,A/New_York/329/1999
EPI_ISL_8231,A/New_York/325/1999
EPI_ISL_8183,A/New_York/278/1999
EPI_ISL_6713,A/New_York/263/1999
EPI_ISL_14226,A/Hong_Kong/CUHK34193/1999
EPI_ISL_5049,A/New_York/149/1999
EPI_ISL_90468,A/Illinois/NHRC0001/1999
EPI_ISL_6710,A/New_York/145/1999
EPI_ISL_5066,A/New_York/147/1999
EPI_ISL_90469,A/South_Carolina/NHRC0001/1999
EPI_ISL_2674,A/Panama/2007/1999
EPI_ISL_2021,A/Hong_Kong/1179/99
EPI_ISL_14218,A/Hong_Kong/CUHK31421/1999
EPI_ISL_2674,A/Panama/2007/1999
EPI_ISL_84904,A/Netherlands/301/1999
EPI_ISL_8207,A/New_York/322/1999
EPI_ISL_8177,A/New_York/337/1999
EPI_ISL_8169,A/New_York/320/1999
EPI_ISL_8163,A/New_York/311/1999
EPI_ISL_6743,A/New_York/284/1999
EPI_ISL_6353,A/New_South_Wales/21/1999
EPI_ISL_8157,A/New_York/280/1999
EPI_ISL_14207,A/Hong_Kong/CUHK12572/1999
EPI_ISL_2022,A/Hong_Kong/1180/99
EPI_ISL_8254,A/New_York/261/1999
EPI_ISL_14208,A/Hong_Kong/CUHK12580/1999
EPI_ISL_2695,A/Moscow/10/99
EPI_ISL_2019,A/Hong_Kong/1143/99
EPI_ISL_174195,A/Panama/2007/1999
EPI_ISL_14216,A/Hong_Kong/CUHK30423/1999
EPI_ISL_14214,A/Hong_Kong/CUHK30314/1999
EPI_ISL_6350,A/New_South_Wales/8/1999
EPI_ISL_6365,A/New_South_Wales/22/1999
EPI_ISL_8685,A/New_York/458/1999
EPI_ISL_8206,A/New_York/316/1999
EPI_ISL_8171,A/New_York/323/1999
EPI_ISL_8155,A/New_York/277/1999
EPI_ISL_8955,A/New_York/452/1999
EPI_ISL_8636,A/New_York/426/1999
EPI_ISL_5067,A/New_York/151/1999
EPI_ISL_8705,A/New_York/422/1999
EPI_ISL_6665,A/New_York/189/1999
EPI_ISL_6706,A/New_York/139/1999
EPI_ISL_6648,A/New_York/186/1999
EPI_ISL_2674,A/Panama/2007/1999
EPI_ISL_6352,A/New_South_Wales/16/1999
EPI_ISL_8707,A/New_York/428/1999
EPI_ISL_14222,A/Hong_Kong/CUHK32796/1999
EPI_ISL_6663,A/New_York/138/1999
EPI_ISL_6631,A/New_York/177/1999
EPI_ISL_90467,A/Georgia/NHRC0001/1999
EPI_ISL_115773,A/Netherlands/301/1999
EPI_ISL_167277,A/Panama/2007/1999
EPI_ISL_6678,A/New_York/137/1999
EPI_ISL_177748,A/Victoria/3/1999
EPI_ISL_127595,A/Moscow/10/1999
EPI_ISL_167274,A/Townsville/2/1999
EPI_ISL_8200,A/Memphis/59/1999
EPI_ISL_14211,A/Hong_Kong/CUHK14627/1999
EPI_ISL_14212,A/Hong_Kong/CUHK14672/1999
EPI_ISL_2461,A/Berlin/6/88
EPI_ISL_2463,A/Cottbus/42/88
EPI_ISL_114295,A/Atlanta/3572/1988
EPI_ISL_25040,A/Siena/3/1988
EPI_ISL_5310,A/Memphis/8/1988
EPI_ISL_8652,A/Memphis/13/1988
EPI_ISL_8671,A/Hong_Kong/2/1988
EPI_ISL_9284,A/Memphis/5/1988
EPI_ISL_115700,A/Victoria/1/1988
EPI_ISL_114296,A/England/427/1988
EPI_ISL_114297,A/Netherlands/450/1988
EPI_ISL_114298,A/Stockholm/12/1988
EPI_ISL_115768,A/Oklahoma/5/1988
EPI_ISL_16027,A/Denmark/129/2003
EPI_ISL_15994,A/Denmark/91/2003
EPI_ISL_16072,A/Denmark/107/2003
EPI_ISL_8559,A/Moscow/343/2003
EPI_ISL_3758,A/Denmark/18-2/03
EPI_ISL_129687,A/Trieste/2/2003
EPI_ISL_3763,A/Denmark/62/03
EPI_ISL_3746,A/Denmark/24/03
EPI_ISL_5539,A/Wellington/9/2003
EPI_ISL_3742,A/Denmark/59/03
EPI_ISL_5422,A/Wellington/3/2003
EPI_ISL_5425,A/Wellington/10/2003
EPI_ISL_3764,A/Denmark/13/03
EPI_ISL_14316,A/Hong_Kong/CUHK5111/2003
EPI_ISL_103524,A/TayNguyen/TN83/2003
EPI_ISL_8692,A/New_York/485/2003
EPI_ISL_14320,A/Hong_Kong/CUHK5723/2003
EPI_ISL_12296,A/Thailand/Siriraj-01/2003
EPI_ISL_8516,A/Moscow/346/2003
EPI_ISL_120368,A/Malaysia/26003/2003
EPI_ISL_90501,A/Singapore/NHRC0011/2003
EPI_ISL_8560,A/Moscow/328/2003
EPI_ISL_90513,A/Singapore/NHRC0007/2003
EPI_ISL_107923,A/England/425/2003
EPI_ISL_6193,A/Western_Australia/45/2003
EPI_ISL_3745,A/Denmark/32/03
EPI_ISL_6507,A/Western_Australia/49/2003
EPI_ISL_14339,A/Hong_Kong/CUHK70435/2003
EPI_ISL_120366,A/Malaysia/25920/2003
EPI_ISL_6525,A/Queensland/38/2003
EPI_ISL_6675,A/New_York/39/2003
EPI_ISL_5005,A/New_York/60A/2003
EPI_ISL_5025,A/New_York/53/2003
EPI_ISL_6660,A/New_York/64/2003
EPI_ISL_4998,A/New_York/35/2003
EPI_ISL_132760,A/Colombo/190/2003
EPI_ISL_10115,A/TW/229/03
EPI_ISL_5426,A/Waikato/3/2003
EPI_ISL_3761,A/Denmark/19-2/03
EPI_ISL_177752,A/Christchurch/28/2003
EPI_ISL_9067,A/Canterbury/394/2003
EPI_ISL_5502,A/Waikato/156/2003
EPI_ISL_14338,A/Hong_Kong/CUHK52923/2003
EPI_ISL_14336,A/Hong_Kong/CUHK52011/2003
EPI_ISL_9065,A/Canterbury/392/2003
EPI_ISL_3757,A/Denmark/37/03
EPI_ISL_9102,A/Canterbury/444/2003
EPI_ISL_9064,A/Canterbury/391/2003
EPI_ISL_9079,A/Canterbury/411/2003
EPI_ISL_5505,A/Wellington/53/2003
EPI_ISL_9061,A/Canterbury/386/2003
EPI_ISL_5509,A/Waikato/139/2003
EPI_ISL_5600,A/Waikato/54/2003
EPI_ISL_5638,A/Waikato/108/2003
EPI_ISL_107264,A/England/740/2003
EPI_ISL_167288,A/Wyoming/03/2003
EPI_ISL_107594,A/England/534/2003
EPI_ISL_107924,A/England/754/2003
EPI_ISL_132757,A/Colombo/143/2003
EPI_ISL_107927,A/England/786/2003
EPI_ISL_16077,A/Denmark/78/2003
EPI_ISL_110692,A/Netherlands/217/2003
EPI_ISL_113061,A/Netherlands/222/2003
EPI_ISL_9051,A/New_York/214/2003
EPI_ISL_16049,A/Denmark/85/2003
EPI_ISL_16078,A/Denmark/117/2003
EPI_ISL_153570,A/Wyoming/03/2003
EPI_ISL_103532,A/TayNguyen/TN92/2003
EPI_ISL_6719,A/New_York/195/2003
EPI_ISL_103525,A/TayNguyen/TN85/2003
EPI_ISL_110690,A/Netherlands/22/2003
EPI_ISL_15995,A/Denmark/112/2003
EPI_ISL_115769,A/Beijing/353/1989
EPI_ISL_721,A/Beijing/353/89
EPI_ISL_721,A/Beijing/353/89
EPI_ISL_110905,A/Beijing/352/1989
EPI_ISL_114348,A/Netherlands/650/1989
EPI_ISL_114349,A/Netherlands/738/1989
EPI_ISL_114397,A/Singapore/35/1989
EPI_ISL_721,A/Beijing/353/89
EPI_ISL_110907,A/Geneva/5007/1989
EPI_ISL_114396,A/Singapore/34/1989
EPI_ISL_110906,A/Eindhoven/3447/1989
EPI_ISL_110908,A/Hong_Kong/1/1989
EPI_ISL_110909,A/Singapore/53/1989
EPI_ISL_114347,A/Netherlands/620/1989
EPI_ISL_114345,A/Atlanta/211/1989
EPI_ISL_123212,A/Beijing/353/1989
EPI_ISL_114401,A/Waikato/1/1989
EPI_ISL_114346,A/England/138/1989
EPI_ISL_114398,A/Singapore/40/1989
EPI_ISL_114399,A/Victoria/1/1989
EPI_ISL_114400,A/Wellington/5/1989
EPI_ISL_115411,A/Singapore/36/1989
EPI_ISL_91023,A/Missouri/NHRC0002/2004
EPI_ISL_4996,A/New_York/33/2004
EPI_ISL_167298,A/New_York/55/2004
EPI_ISL_120372,A/Malaysia/26682/2004
EPI_ISL_14347,A/Hong_Kong/CUHK6554/2004
EPI_ISL_117509,A/HaNoi/HN3069/2004
EPI_ISL_103586,A/HaNoi/HN30136/2004
EPI_ISL_16015,A/Denmark/03/2004
EPI_ISL_117210,A/HaNoi/HN30130/2004
EPI_ISL_16001,A/Denmark/115/2004
EPI_ISL_117211,A/HaNoi/HN30135/2004
EPI_ISL_5024,A/New_York/52/2004
EPI_ISL_8212,A/New_York/370/2004
EPI_ISL_20982,A/New_York/908/2004
EPI_ISL_8195,A/New_York/392/2004
EPI_ISL_20981,A/New_York/900/2004
EPI_ISL_8195,A/New_York/392/2004
EPI_ISL_8193,A/New_York/387/2004
EPI_ISL_6199,A/Western_Australia/52/2004
EPI_ISL_5701,A/Waikato/56/2004
EPI_ISL_5647,A/Waikato/26/2004
EPI_ISL_5650,A/Waikato/43/2004
EPI_ISL_5644,A/Wellington/44/2004
EPI_ISL_5603,A/Wellington/45/2004
EPI_ISL_29489,A/Hong_Kong/HKU34/2004
EPI_ISL_15998,A/Denmark/112/2004
EPI_ISL_9111,A/Canterbury/11/2004
EPI_ISL_9113,A/Canterbury/16/2004
EPI_ISL_16002,A/Denmark/116/2004
EPI_ISL_14368,A/Hong_Kong/CUHK52274/2004
EPI_ISL_6865,A/Queensland/50/2004
EPI_ISL_9106,A/Bay_of_Plenty/332/2004
EPI_ISL_9223,A/Canterbury/309/2004
EPI_ISL_6527,A/Queensland/42/2004
EPI_ISL_6340,A/Waikato/70/2004
EPI_ISL_9105,A/Bay_of_Plenty/279/2004
EPI_ISL_8612,A/New_York/351/2004
EPI_ISL_8590,A/New_York/200/2004
EPI_ISL_8992,A/New_York/466/2004
EPI_ISL_22628,A/New_York/55/2004
EPI_ISL_8190,A/New_York/379/2004
EPI_ISL_12295,A/Thailand/Siriraj-03/2004
EPI_ISL_16051,A/Denmark/103/2004
EPI_ISL_16082,A/Denmark/119/2004
EPI_ISL_103587,A/HaNoi/HN30108/2004
EPI_ISL_16005,A/Denmark/14/2004
EPI_ISL_29678,A/Hong_Kong/HKU24/2004
EPI_ISL_29661,A/Hong_Kong/HKU30/2004
EPI_ISL_16087,A/Denmark/08/2004
EPI_ISL_120375,A/Malaysia/28114/2004
EPI_ISL_30235,A/Hong_Kong/HKU18/2004
EPI_ISL_16016,A/Denmark/104/2004
EPI_ISL_167291,A/Victoria/110/2004
EPI_ISL_14359,A/Hong_Kong/CUHK33851/2004
EPI_ISL_167294,A/California/7/2004
EPI_ISL_14355,A/Hong_Kong/CUHK24289/2004
EPI_ISL_14356,A/Hong_Kong/CUHK24423/2004
EPI_ISL_15594,A/Denmark/15-02/2004
EPI_ISL_14357,A/Hong_Kong/CUHK24447/2004
EPI_ISL_15967,A/Denmark/12/2004
EPI_ISL_14364,A/Hong_Kong/CUHK35435/2004
EPI_ISL_14363,A/Hong_Kong/CUHK35117/2004
EPI_ISL_14362,A/Hong_Kong/CUHK35013/2004
EPI_ISL_29484,A/Hong_Kong/HKU19/2004
EPI_ISL_29486,A/Hong_Kong/HKU22/2004
EPI_ISL_15971,A/Denmark/100/2004
EPI_ISL_14354,A/Hong_Kong/CUHK24197/2004
EPI_ISL_29654,A/Hong_Kong/HKU10/2004
EPI_ISL_29651,A/Hong_Kong/HKU6/2004
EPI_ISL_29481,A/Hong_Kong/HKU11/2004
EPI_ISL_113070,A/California/7/2004
EPI_ISL_15972,A/Denmark/07/2004
EPI_ISL_110654,A/Netherlands/1/2002
EPI_ISL_5054,A/New_York/108/2002
EPI_ISL_6716,A/New_York/125/2002
EPI_ISL_6657,A/New_York/119/2002
EPI_ISL_5006,A/New_York/110/2002
EPI_ISL_5053,A/New_York/106/2002
EPI_ISL_6701,A/New_York/97/2002
EPI_ISL_167284,A/Fujian/411/2002
EPI_ISL_90495,A/Georgia/NHRC0001/2002
EPI_ISL_8628,A/New_York/412/2002
EPI_ISL_5419,A/Wellington/83/2002
EPI_ISL_6679,A/New_York/105/2002
EPI_ISL_5500,A/Wellington/63/2002
EPI_ISL_5593,A/Wellington/9/2002
EPI_ISL_16382,A/Morioka/52/2002
EPI_ISL_5065,A/New_York/130/2002
EPI_ISL_7285,A/Auckland/615/2002
EPI_ISL_8180,A/New_York/126/2002
EPI_ISL_9164,A/Canterbury/75/2002
EPI_ISL_5636,A/Dunedin/12/2002
EPI_ISL_5459,A/Dunedin/9/2002
EPI_ISL_9163,A/Canterbury/69/2002
EPI_ISL_5635,A/Waikato/31/2002
EPI_ISL_12299,A/Thailand/Siriraj-06/2002
EPI_ISL_14294,A/Hong_Kong/CUHK21582/2002
EPI_ISL_9226,A/Canterbury/06/2002
EPI_ISL_9227,A/Canterbury/09/2002
EPI_ISL_5413,A/Waikato/5/2002
EPI_ISL_9194,A/Canterbury/04/2002
EPI_ISL_9143,A/Canterbury/02/2002
EPI_ISL_15947,A/Denmark/24/2002
EPI_ISL_9182,A/South_Canterbury/37/2002
EPI_ISL_14305,A/Hong_Kong/CUHK24167/2002
EPI_ISL_9181,A/Canterbury/34/2002
EPI_ISL_9155,A/Canterbury/47/2002
EPI_ISL_167271,A/South_Australia/84/2002
EPI_ISL_6852,A/Western_Australia/34/2002
EPI_ISL_5463,A/Wellington/80/2002
EPI_ISL_5418,A/Waikato/58/2002
EPI_ISL_7152,A/Auckland/612/2002
EPI_ISL_14311,A/Hong_Kong/CUHK34193/2002
EPI_ISL_6475,A/Queensland/23/2002
EPI_ISL_7105,A/Auckland/611/2002
EPI_ISL_6183,A/Western_Australia/35/2002
EPI_ISL_5421,A/Wellington/86/2002
EPI_ISL_5420,A/Wellington/84/2002
EPI_ISL_15952,A/Denmark/06/2002
EPI_ISL_5458,A/Wellington/70/2002
EPI_ISL_15935,A/Denmark/05/02
EPI_ISL_14315,A/Hong_Kong/CUHK53327/2002
EPI_ISL_14314,A/Hong_Kong/CUHK53123/2002
EPI_ISL_14313,A/Hong_Kong/CUHK50256/2002
EPI_ISL_6184,A/Western_Australia/36/2002
EPI_ISL_167293,A/Fukuoka/55/2002
EPI_ISL_14312,A/Hong_Kong/CUHK50200/2002
EPI_ISL_14299,A/Hong_Kong/CUHK23113/2002
EPI_ISL_9176,A/Canterbury/20/2002
EPI_ISL_9151,A/Canterbury/18/2002
EPI_ISL_9175,A/Canterbury/19/2002
EPI_ISL_14300,A/Hong_Kong/CUHK23162/2002
EPI_ISL_15596,A/Denmark/22/2002
EPI_ISL_15599,A/Denmark/08/2002
EPI_ISL_120364,A/Malaysia/23606/2002
EPI_ISL_15945,A/Denmark/01/2002
EPI_ISL_5017,A/New_York/84/2001
EPI_ISL_5040,A/New_York/85/2001
EPI_ISL_5015,A/New_York/83/2001
EPI_ISL_8619,A/New_York/402/2001
EPI_ISL_14284,A/Hong_Kong/CUHK51431/2001
EPI_ISL_14283,A/Hong_Kong/CUHK51424/2001
EPI_ISL_5030,A/New_York/124/2001
EPI_ISL_14282,A/Hong_Kong/CUHK50080/2001
EPI_ISL_5052,A/New_York/71/2001
EPI_ISL_8618,A/New_York/401/2001
EPI_ISL_167272,A/South_Australia/53/2001
EPI_ISL_5144,A/Canterbury/10/2001
EPI_ISL_5148,A/West_Coast/55/2001
EPI_ISL_14272,A/Hong_Kong/CUHK24749/2001
EPI_ISL_6519,A/Queensland/19/2001
EPI_ISL_14275,A/Hong_Kong/CUHK24882/2001
EPI_ISL_14271,A/Hong_Kong/CUHK24510/2001
EPI_ISL_5412,A/Wellington/22/2001
EPI_ISL_6486,A/Queensland/17/2001
EPI_ISL_5166,A/Canterbury/140/2001
EPI_ISL_14281,A/Hong_Kong/CUHK34114/2001
EPI_ISL_14279,A/Hong_Kong/CUHK33416/2001
EPI_ISL_6471,A/Queensland/16/2001
EPI_ISL_7104,A/Auckland/607/2001
EPI_ISL_5162,A/Canterbury/07/2001
EPI_ISL_177750,A/Perth/201/2001
EPI_ISL_14270,A/Hong_Kong/CUHK22888/2001
EPI_ISL_5592,A/Waikato/5/2001
EPI_ISL_5455,A/Waikato/1/2001
EPI_ISL_14267,A/Hong_Kong/CUHK21891/2001
EPI_ISL_14263,A/Hong_Kong/CUHK21421/2001
EPI_ISL_14266,A/Hong_Kong/CUHK21734/2001
EPI_ISL_14264,A/Hong_Kong/CUHK21675/2001
EPI_ISL_14265,A/Hong_Kong/CUHK21733/2001
EPI_ISL_5610,A/Western_Australia/15/2001
EPI_ISL_5498,A/Waikato/105/2001
EPI_ISL_20944,A/Western_Australia/15/2001
EPI_ISL_7284,A/Auckland/604/2001
EPI_ISL_6174,A/Western_Australia/14/2001
EPI_ISL_6175,A/Western_Australia/16/2001
EPI_ISL_15045,A/Auckland/603/2001
EPI_ISL_6176,A/Western_Australia/17/2001
EPI_ISL_116066,A/HaNoi/1766/2001
EPI_ISL_8595,A/New_York/301/2001
EPI_ISL_111376,A/Netherlands/118/2001
EPI_ISL_115623,A/Netherlands/126/2001
EPI_ISL_14258,A/Hong_Kong/CUHK13048/2001
EPI_ISL_115622,A/Netherlands/124/2001
EPI_ISL_14259,A/Hong_Kong/CUHK13172/2001
EPI_ISL_14261,A/Hong_Kong/CUHK13658/2001
EPI_ISL_5050,A/New_York/150/2000
EPI_ISL_6708,A/New_York/187/2000
EPI_ISL_5068,A/New_York/154/2000
EPI_ISL_8641,A/New_York/436/2000
EPI_ISL_5074,A/New_York/169/2000
EPI_ISL_5634,A/Wellington/28/2000
EPI_ISL_5114,A/Nelson_Marlborough/1/2000
EPI_ISL_7058,A/South_Australia/81/2000
EPI_ISL_6862,A/South_Australia/80/2000
EPI_ISL_14234,A/Hong_Kong/CUHK21128/2000
EPI_ISL_6224,A/New_South_Wales/25/2000
EPI_ISL_5630,A/Dunedin/3/2000
EPI_ISL_6377,A/South_Australia/67/2000
EPI_ISL_5081,A/New_York/176/2000
EPI_ISL_7074,A/South_Australia/16/2000
EPI_ISL_14239,A/Hong_Kong/CUHK22087/2000
EPI_ISL_14238,A/Hong_Kong/CUHK22078/2000
EPI_ISL_7078,A/South_Australia/73/2000
EPI_ISL_16037,A/Denmark/208/2000
EPI_ISL_7146,A/Auckland/593/2000
EPI_ISL_112296,A/Western_Australia/6/2000
EPI_ISL_5143,A/Canterbury/94/2000
EPI_ISL_6172,A/Western_Australia/11/2000
EPI_ISL_5512,A/Canterbury/97/2000
EPI_ISL_7280,A/Auckland/599/2000
EPI_ISL_9292,A/Canterbury/81/2000
EPI_ISL_9294,A/Canterbury/85/2000
EPI_ISL_9293,A/Canterbury/84/2000
EPI_ISL_14253,A/Hong_Kong/CUHK28044/2000
EPI_ISL_9287,A/Canterbury/56/2000
EPI_ISL_14249,A/Hong_Kong/CUHK27348/2000
EPI_ISL_5341,A/Wellington/9/2000
EPI_ISL_9210,A/Canterbury/42/2000
EPI_ISL_5695,A/Wellington/26/2000
EPI_ISL_6468,A/Queensland/9/2000
EPI_ISL_14248,A/Hong_Kong/CUHK27183/2000
EPI_ISL_6376,A/South_Australia/66/2000
EPI_ISL_5696,A/Wellington/30/2000
EPI_ISL_9298,A/Canterbury/103/2000
EPI_ISL_16031,A/Denmark/200/2000
EPI_ISL_6429,A/South_Australia/52/2000
EPI_ISL_6379,A/South_Australia/71/2000
EPI_ISL_167273,A/Sydney/228/2000
EPI_ISL_6355,A/New_South_Wales/32/2000
EPI_ISL_6225,A/New_South_Wales/27/2000
EPI_ISL_6228,A/New_South_Wales/36/2000
EPI_ISL_7281,A/Auckland/600/2000
EPI_ISL_6508,A/South_Australia/2/2000
EPI_ISL_6356,A/New_South_Wales/34/2000
EPI_ISL_6875,A/South_Australia/15/2000
EPI_ISL_6357,A/New_South_Wales/35/2000
EPI_ISL_14256,A/Hong_Kong/CUHK52247/2000
EPI_ISL_127600,A/Ulan_Ude/01/2000
EPI_ISL_6886,A/Queensland/10/2000
EPI_ISL_6458,A/South_Australia/77/2000
EPI_ISL_15950,A/Denmark/38/2000
EPI_ISL_6378,A/South_Australia/68/2000
EPI_ISL_6907,A/Queensland/6/2000
EPI_ISL_7057,A/South_Australia/72/2000
EPI_ISL_14245,A/Hong_Kong/CUHK26969/2000
EPI_ISL_6464,A/Queensland/2/2000
EPI_ISL_15949,A/Denmark/37/2000
EPI_ISL_5100,A/Hong_Kong/33/1973
EPI_ISL_8673,A/Hong_Kong/11/1973
EPI_ISL_9045,A/Memphis/3/1973
EPI_ISL_110820,A/Bilthoven/748/1973
EPI_ISL_147170,A/Port_Chalmers/JY2/1973
EPI_ISL_113864,A/Bilthoven/552/1973
EPI_ISL_113915,A/Bilthoven/3517/1973
EPI_ISL_113916,A/Port_Chalmers/1/1973
EPI_ISL_123257,A/Port_Chalmers/1/1973
EPI_ISL_5607,A/New_York/782/1993
EPI_ISL_115408,A/Scotland/142/1993
EPI_ISL_5549,A/New_York/767/1993
EPI_ISL_5551,A/New_York/771/1993
EPI_ISL_835,A/Nangchang/12/1993
EPI_ISL_5671,A/New_York/789/1993
EPI_ISL_115357,A/Netherlands/398/1993
EPI_ISL_115303,A/Madrid/G116/1993
EPI_ISL_115110,A/Guangdong/25/1993
EPI_ISL_5407,A/New_York/751/1993
EPI_ISL_115112,A/Lyon/1815/1993
EPI_ISL_111081,A/Stockholm/20/1993
EPI_ISL_115355,A/Netherlands/357/1993
EPI_ISL_115113,A/Lyon/23602/1993
EPI_ISL_111080,A/Singapore/19/1993
EPI_ISL_167248,A/Wellington/25/1993
EPI_ISL_115356,A/Netherlands/372/1993
EPI_ISL_111019,A/Lyon/22686/1993
EPI_ISL_5474,A/New_York/756/1993
EPI_ISL_111045,A/Netherlands/179/1993
EPI_ISL_5554,A/New_York/778/1993
EPI_ISL_115305,A/Netherlands/101/1993
EPI_ISL_5479,A/New_York/762/1993
EPI_ISL_5676,A/New_York/795/1993
EPI_ISL_5681,A/New_York/802/1993
EPI_ISL_5667,A/New_York/780/1993
EPI_ISL_5482,A/New_York/765/1993
EPI_ISL_5662,A/New_York/769/1993
EPI_ISL_5682,A/New_York/803/1993
EPI_ISL_115354,A/Netherlands/165/1993
EPI_ISL_5604,A/New_York/754/1993
EPI_ISL_114350,A/Singapore/3/1993
EPI_ISL_111042,A/Netherlands/17/1993
EPI_ISL_115413,A/Yamagata/61/1993
EPI_ISL_115412,A/Yamagata/56/1993
EPI_ISL_21030,A/Nanchang/58/1993
EPI_ISL_115300,A/Madrid/G122/1993
EPI_ISL_111020,A/Madrid/G102/1993
EPI_ISL_111044,A/Netherlands/241/1993
EPI_ISL_115041,A/Enschede/5458/1993
EPI_ISL_167247,A/Victoria/1/1993
EPI_ISL_167249,A/Wellington/96/1993
EPI_ISL_115040,A/Akita/4/1993
EPI_ISL_115301,A/Madrid/G101/1993
EPI_ISL_115409,A/Scotland/160/1993
EPI_ISL_167253,A/Shangdong/9/1993
EPI_ISL_115358,A/Paris/287/1993
EPI_ISL_115302,A/Madrid/G109/1993
EPI_ISL_115304,A/Madrid/G252/1993
EPI_ISL_6358,A/South_Australia/18/2005
EPI_ISL_29946,A/Hong_Kong/HKU56/2005
EPI_ISL_14393,A/Hong_Kong/CUHK12320/2005
EPI_ISL_9188,A/Canterbury/16/2005
EPI_ISL_29688,A/Hong_Kong/HKU66/2005
EPI_ISL_29686,A/Hong_Kong/HKU63/2005
EPI_ISL_90528,A/Australia/NHRC0007/2005
EPI_ISL_14398,A/Hong_Kong/CUHK40139/2005
EPI_ISL_33845,A/Hong_Kong/HKU72/2005
EPI_ISL_90522,A/Australia/NHRC0014/2005
EPI_ISL_90524,A/Australia/NHRC0012/2005
EPI_ISL_14401,A/Hong_Kong/CUHK40958/2005
EPI_ISL_5712,A/Wellington/2/2005
EPI_ISL_9240,A/Canterbury/204/2005
EPI_ISL_115646,A/Wisconsin/67/2005
EPI_ISL_6407,A/Western_Australia/72/2005
EPI_ISL_154546,A/Wisconsin/67/2005
EPI_ISL_9239,A/Canterbury/186/2005
EPI_ISL_6166,A/Wellington/6/2005
EPI_ISL_6343,A/Wellington/7/2005
EPI_ISL_117951,A/TayNguyen/TN368/2005
EPI_ISL_6168,A/Waikato/10/2005
EPI_ISL_6422,A/Western_Australia/79/2005
EPI_ISL_154511,A/Wisconsin/67/2005
EPI_ISL_8963,A/New_York/206/2005
EPI_ISL_20972,A/New_York/918/2005
EPI_ISL_20970,A/New_York/918/2005
EPI_ISL_6212,A/Western_Australia/65/2005
EPI_ISL_6162,A/Waikato/2/2005
EPI_ISL_8187,A/New_York/359/2005
EPI_ISL_154540,A/Wisconsin/67/2005
EPI_ISL_9248,A/Canterbury/260/2005
EPI_ISL_117953,A/TayNguyen/TN388/2005
EPI_ISL_9249,A/Canterbury/269/2005
EPI_ISL_16058,A/Denmark/191/2005
EPI_ISL_7286,A/Auckland/617/2005
EPI_ISL_90534,A/Australia/NHRC0001/2005
EPI_ISL_195615,A/Quebec/26-220405/2005
EPI_ISL_90530,A/Australia/NHRC0005/2005
EPI_ISL_30238,A/Hong_Kong/HKU52/2005
EPI_ISL_15591,A/Denmark/84/2005
EPI_ISL_30239,A/Hong_Kong/HKU53/2005
EPI_ISL_16384,A/Morioka/38/2005
EPI_ISL_104148,A/HaNoi/ISBM16/2005
EPI_ISL_14386,A/Hong_Kong/CUHK8333/2005
EPI_ISL_154534,A/Wisconsin/67/2005
EPI_ISL_154525,A/Wisconsin/67/2005
EPI_ISL_9168,A/Canterbury/01/2005
EPI_ISL_195619,A/Quebec/26-041105/2005
EPI_ISL_15954,A/Denmark/143/2005
EPI_ISL_154523,A/Wisconsin/67/2005
EPI_ISL_90545,A/California/NHRC0004/2005
EPI_ISL_16086,A/Denmark/129/2005
EPI_ISL_154537,A/Wisconsin/67/2005
EPI_ISL_195621,A/Quebec/26-031205/2005
EPI_ISL_29271,A/Guangdong/05/2005
EPI_ISL_29272,A/Guangdong/07/2005
EPI_ISL_90484,A/Texas/NHRC0002/2005
EPI_ISL_15975,A/Denmark/120/2005
EPI_ISL_72835,A/Jiangxi/262/2005
EPI_ISL_6860,A/Western_Australia/71/2005
EPI_ISL_6425,A/South_Australia/22/2005
EPI_ISL_15976,A/Denmark/169/2005
EPI_ISL_117955,A/TayNguyen/TN403/2005
EPI_ISL_15957,A/Denmark/152/2005
EPI_ISL_154535,A/Wisconsin/67/2005
EPI_ISL_15984,A/Denmark/201/2005
EPI_ISL_8591,A/New_York/210/2005
EPI_ISL_120385,A/Malaysia/31944/2005
EPI_ISL_7056,A/South_Australia/53/2005
EPI_ISL_91157,A/New_Jersey/NHRC0001/2005
EPI_ISL_8964,A/New_York/238/2005
EPI_ISL_5105,A/Memphis/33/1983
EPI_ISL_8697,A/Hong_Kong/26/1983
EPI_ISL_8699,A/Hong_Kong/5/83
EPI_ISL_8986,A/Hong_Kong/14/1983
EPI_ISL_9050,A/Nanjing/36/1983
EPI_ISL_114245,A/Oslo/13676/1983
EPI_ISL_9048,A/Memphis/110/76
EPI_ISL_114014,A/Bilthoven/5029/1976
EPI_ISL_5106,A/Memphis/105/1976
EPI_ISL_7064,A/Albany/15/1976
EPI_ISL_7077,A/Albany/1/1976
EPI_ISL_7120,A/Memphis/104/1976
EPI_ISL_9281,A/Memphis/108/1976
EPI_ISL_9034,A/Memphis/137/1976
EPI_ISL_113969,A/Bilthoven/628/1976
EPI_ISL_84896,A/Bilthoven/1761/1976
EPI_ISL_9054,A/Memphis/103/1976
EPI_ISL_124886,A/Bilthoven/2271/1976
EPI_ISL_9280,A/Memphis/106/1976
EPI_ISL_113970,A/Bilthoven/1761/1976
EPI_ISL_167240,A/Bilthoven/2271/1976
EPI_ISL_167239,A/Bilthoven/1761/1976
EPI_ISL_114015,A/Bilthoven/5657/1976
EPI_ISL_114016,A/Bilthoven/6545/1976
EPI_ISL_114247,A/Netherlands/330/1985
EPI_ISL_5107,A/Memphis/2/85
EPI_ISL_8672,A/Hong_Kong/24/1985
EPI_ISL_5395,A/Memphis/12/1985
EPI_ISL_114250,A/Wellington/4/1985
EPI_ISL_8670,A/Hong_Kong/6/1985
EPI_ISL_8674,A/Hong_Kong/7/1985
EPI_ISL_9277,A/Memphis/25/1985
EPI_ISL_9250,A/Memphis/5/85
EPI_ISL_9282,A/Memphis/7/1985
EPI_ISL_114246,A/Guildford/V728/1985
EPI_ISL_114248,A/Netherlands/333/1985
EPI_ISL_114249,A/Stockholm/10/1985
EPI_ISL_5575,A/New_York/718/1994
EPI_ISL_5629,A/New_York/745/1994
EPI_ISL_6156,A/New_York/737/1994
EPI_ISL_5586,A/New_York/753/1994
EPI_ISL_5529,A/New_York/746/1994
EPI_ISL_5581,A/New_York/738/1994
EPI_ISL_5624,A/New_York/688/1994
EPI_ISL_5400,A/New_York/665/1994
EPI_ISL_5516,A/New_York/663/1994
EPI_ISL_5378,A/New_York/696/1994
EPI_ISL_5515,A/New_York/661/1994
EPI_ISL_5398,A/New_York/659/1994
EPI_ISL_5628,A/New_York/744/1994
EPI_ISL_5494,A/New_York/734/1994
EPI_ISL_5580,A/New_York/736/1994
EPI_ISL_5583,A/New_York/740/1994
EPI_ISL_5447,A/New_York/720/1994
EPI_ISL_5532,A/New_York/749/1994
EPI_ISL_5514,A/New_York/655/1994
EPI_ISL_167246,A/Brisbane/22/1994
EPI_ISL_8701,A/Nanchang/0074/1994
EPI_ISL_5396,A/New_York/654/1994
EPI_ISL_5444,A/New_York/715/1994
EPI_ISL_127589,A/Johannesburg/33/1994
EPI_ISL_5584,A/New_York/741/1994
EPI_ISL_5625,A/New_York/731/1994
EPI_ISL_5491,A/New_York/722/1994
EPI_ISL_8988,A/Nanchang/A2/1994
EPI_ISL_9173,A/Nanchang/A1/1994
EPI_ISL_167245,A/Wellington/1/1994
EPI_ISL_167250,A/Victoria/9/1994
EPI_ISL_8989,A/Nanchang/0058/1994
EPI_ISL_111135,A/South_Australia/15/1994
EPI_ISL_111130,A/Hong_Kong/1/1994
EPI_ISL_111131,A/Hong_Kong/2/1994
EPI_ISL_111170,A/South_Australia/25/1994
EPI_ISL_167252,A/Johannesburg/33/1994
EPI_ISL_115414,A/Hong_Kong/56/1994
EPI_ISL_5372,A/Memphis/5/1986
EPI_ISL_124928,A/Leningrad/360/1986
EPI_ISL_6221,A/Memphis/2/1986
EPI_ISL_6889,A/Memphis/3/1986
EPI_ISL_8198,A/Memphis/66/1986
EPI_ISL_8588,A/Memphis/1/1986
EPI_ISL_9283,A/Memphis/11/1986
EPI_ISL_114293,A/Colorado/2/1986
EPI_ISL_4278,A/Memphis/2/1990
EPI_ISL_114455,A/Suita/1/1990
EPI_ISL_8616,A/Memphis/1/90
EPI_ISL_9286,A/Memphis/7/1990
EPI_ISL_25042,A/Siena/10/1990
EPI_ISL_25041,A/Siena/4/1990
EPI_ISL_114452,A/Memphis/2/1990
EPI_ISL_114457,A/Wellington/3/1990
EPI_ISL_114453,A/Memphis/5/1990
EPI_ISL_114454,A/Shanghai/24/1990
EPI_ISL_114456,A/Victoria/2/1990
EPI_ISL_5728,A/New_York/7/2006
EPI_ISL_16098,A/Denmark/33/2006
EPI_ISL_160816,A/New_York/1019/2006
EPI_ISL_15934,A/Denmark/35/06
EPI_ISL_15985,A/Denmark/45/2006
EPI_ISL_6408,A/New_York/6/2006
EPI_ISL_160848,A/New_York/1044/2006
EPI_ISL_120394,A/Malaysia/34015/2006
EPI_ISL_20994,A/New_York/933/2006
EPI_ISL_160845,A/New_York/1041/2006
EPI_ISL_160844,A/New_York/1040/2006
EPI_ISL_160829,A/New_York/1032/2006
EPI_ISL_160808,A/New_York/1013/2006
EPI_ISL_160821,A/New_York/1024/2006
EPI_ISL_160818,A/New_York/1021/2006
EPI_ISL_16385,A/Morioka/17/2006
EPI_ISL_6790,A/New_York/928/2006
EPI_ISL_90486,A/Texas/NHRC0001/2006
EPI_ISL_16042,A/Denmark/22/2006
EPI_ISL_16101,A/Denmark/82/2006
EPI_ISL_13622,A/Colorado/05/2006
EPI_ISL_20474,A/Beijing/Xicheng1272/2006
EPI_ISL_15964,A/Denmark/77/2006
EPI_ISL_12846,A/Thailand/CU228/2006
EPI_ISL_120081,A/Malaysia/1666665/2006
EPI_ISL_120395,A/Malaysia/1657167/2006
EPI_ISL_20515,A/Honduras/45/2006
EPI_ISL_120396,A/Malaysia/1665090/2006
EPI_ISL_12842,A/Thailand/CU23/2006
EPI_ISL_120082,A/Malaysia/1666666/2006
EPI_ISL_16064,A/Denmark/13/2006
EPI_ISL_15965,A/Denmark/07/2006
EPI_ISL_233238,A/South_Australia/47/2016
EPI_ISL_12843,A/Thailand/CU46/2006
EPI_ISL_16010,A/Denmark/102/2006
EPI_ISL_16102,A/Denmark/46/2006
EPI_ISL_16006,A/Denmark/51/2006
EPI_ISL_15963,A/Denmark/61/2006
EPI_ISL_16094,A/Denmark/58/2006
EPI_ISL_12848,A/Thailand/CU259/2006
EPI_ISL_15977,A/Denmark/60/2006
EPI_ISL_32482,A/Cambodia/44/2006
EPI_ISL_12851,A/Thailand/CU124/2006
EPI_ISL_127612,A/Nepal/921/2006
EPI_ISL_16097,A/Denmark/68/2006
EPI_ISL_15590,A/Denmark/10/2006
EPI_ISL_16011,A/Denmark/103/2006
EPI_ISL_120391,A/Malaysia/33464/2006
EPI_ISL_16061,A/Denmark/100/2006
EPI_ISL_120392,A/Malaysia/33827/2006
EPI_ISL_64211,A/human/Ohio/2006
EPI_ISL_160805,A/New_York/1011/2006
EPI_ISL_21854,A/Brisbane/09/2006
EPI_ISL_15981,A/Denmark/27/2006
EPI_ISL_16063,A/Denmark/92/2006
EPI_ISL_15987,A/Denmark/54/2006
EPI_ISL_16043,A/Denmark/90/2006
EPI_ISL_127614,A/Brisbane/09/2006
EPI_ISL_15983,A/Denmark/76/2006
EPI_ISL_70411,A/Bethesda/956/2006
EPI_ISL_120398,A/Malaysia/1676558/2006
EPI_ISL_20521,A/India/34983/2006
EPI_ISL_120399,A/Malaysia/1681079/2006
EPI_ISL_16099,A/Denmark/67/2006
EPI_ISL_20295,A/Incheon/682/2006
EPI_ISL_20407,A/Costa_Rica/7322/2006
EPI_ISL_6848,A/Albany/1/1969
EPI_ISL_6850,A/Albany/3/1969
EPI_ISL_7065,A/Albany/4/1969
EPI_ISL_8984,A/Hong_Kong/3/1969
EPI_ISL_113017,A/Bilthoven/908/1969
EPI_ISL_110747,A/Bilthoven/808/1969
EPI_ISL_113035,A/Bilthoven/17938/1969
EPI_ISL_6876,A/Albany/14/1978
EPI_ISL_6888,A/Memphis/16/1978
EPI_ISL_9030,A/Memphis/2/78
EPI_ISL_9031,A/Memphis/12/1978
EPI_ISL_9032,A/Memphis/18/1978
EPI_ISL_9145,A/Memphis/19/1978
EPI_ISL_113967,A/Bilthoven/2813/1975
EPI_ISL_6977,A/Albany/42/1975
EPI_ISL_113965,A/Bilthoven/1843/1975
EPI_ISL_8698,A/Hong_Kong/43/1975
EPI_ISL_113966,A/Bilthoven/2600/1975
EPI_ISL_8953,A/Beijing/39/75
EPI_ISL_123233,A/Victoria/3/1975
EPI_ISL_1096,A/Victoria/3/1975
EPI_ISL_1096,A/Victoria/3/1975
EPI_ISL_113968,A/Victoria/3/1975
EPI_ISL_110822,A/Bilthoven/4273/1975
EPI_ISL_113921,A/Bilthoven/334/1975
EPI_ISL_6978,A/Albany/2/1970
EPI_ISL_6982,A/Albany/6/1970
EPI_ISL_7268,A/Albany/1/1970
EPI_ISL_7269,A/Albany/3/1970
EPI_ISL_110777,A/Bilthoven/2668/1970
EPI_ISL_8669,A/Hong_Kong/14/1974
EPI_ISL_6979,A/Albany/20/1974
EPI_ISL_9047,A/Memphis/103/1974
EPI_ISL_9033,A/Memphis/101/1974
EPI_ISL_113919,A/Bilthoven/7398/1974
EPI_ISL_9046,A/Memphis/102/1974
EPI_ISL_9057,A/Hong_Kong/49/1974
EPI_ISL_113920,A/Bilthoven/9459/1974
EPI_ISL_113917,A/Bilthoven/5930/1974
EPI_ISL_113918,A/Bilthoven/5931/1974
EPI_ISL_6980,A/Albany/4/1977
EPI_ISL_114019,A/Rotterdam/5828/1977
EPI_ISL_9035,A/Memphis/1/1977
EPI_ISL_9039,A/Nanjing/49/1977
EPI_ISL_9036,A/Memphis/3/1977
EPI_ISL_9049,A/Memphis/5/1977
EPI_ISL_9208,A/Memphis/2/1977
EPI_ISL_9209,A/Memphis/4/1977
EPI_ISL_122019,A/Texas/1/1977
EPI_ISL_114017,A/Amsterdam/1609/1977
EPI_ISL_114196,A/Rotterdam/8179/1977
EPI_ISL_14968,A/England/321/1977
EPI_ISL_114018,A/Bilthoven/3895/1977
EPI_ISL_114197,A/Texas/1/1977
EPI_ISL_21048,A/Memphis/1/71
EPI_ISL_7037,A/Memphis/3/1971
EPI_ISL_152,A/Memphis/1/71
EPI_ISL_113036,A/Bilthoven/21438/1971
EPI_ISL_9029,A/Hong_Kong/46/1971
EPI_ISL_21048,A/Memphis/1/71
EPI_ISL_110778,A/Bilthoven/6449/1971
EPI_ISL_113037,A/Bilthoven/21801/1971
EPI_ISL_110779,A/Hong_Kong/107/1971
EPI_ISL_160888,A/New_York/1088/2007
EPI_ISL_7758,A/Colorado/UR06-0535/2007
EPI_ISL_7762,A/California/UR06-0589/2007
EPI_ISL_23368,A/New_York/UR06-0607/2007
EPI_ISL_7772,A/Texas/UR06-0566/2007
EPI_ISL_13711,A/Wisconsin/26/2007
EPI_ISL_13645,A/New_Jersey/04/2007
EPI_ISL_7930,A/Colorado/UR06-022/2007
EPI_ISL_118111,A/HaNoi/N035/2007
EPI_ISL_29906,A/Taiwan/70002/2007
EPI_ISL_20475,A/Beijing/Xicheng51/2007
EPI_ISL_13728,A/South_Dakota/02/2007
EPI_ISL_13633,A/Missouri/02/2007
EPI_ISL_115695,A/Netherlands/69/2007
EPI_ISL_7623,A/Florida/UR06-0150/2007
EPI_ISL_20508,A/Ivacevichi/115/2007
EPI_ISL_7604,A/Vermont/UR06-0471/2007
EPI_ISL_8024,A/Ohio/UR06-0256/2007
EPI_ISL_93802,A/Guangdong/30/2007
EPI_ISL_69392,A/Tokyo/Ut-Sk-1/2007
EPI_ISL_13722,A/Minnesota/18/2007
EPI_ISL_15467,A/Hawaii/12/2007
EPI_ISL_93804,A/Guangdong/15/2007
EPI_ISL_120401,A/Malaysia/1756502/2007
EPI_ISL_20544,A/Santiago/6881/2007
EPI_ISL_120407,A/Malaysia/1781328/2007
EPI_ISL_20684,A/Peru/8307/2007
EPI_ISL_20526,A/Bangladesh/9745/2007
EPI_ISL_145692,A/Singapore/25Z/2007
EPI_ISL_20543,A/Santiago/6421/2007
EPI_ISL_21976,A/Honduras/6374/2007
EPI_ISL_22363,A/Taiwan/760/2007
EPI_ISL_22385,A/Thailand/786/2007
EPI_ISL_22363,A/Taiwan/760/2007
EPI_ISL_21975,A/Honduras/602/2007
EPI_ISL_63363,A/Cheongju/H383/2007
EPI_ISL_22374,A/Thailand/284/2007
EPI_ISL_118272,A/HaNoi/Q656/2007
EPI_ISL_15416,A/Texas/33/2007
EPI_ISL_23342,A/Venezuela/9602/2007
EPI_ISL_66826,A/British_Columbia/1287/2007
EPI_ISL_98953,A/Massachusetts/12/2007
EPI_ISL_98952,A/Hawaii/14/2007
EPI_ISL_28853,A/Managua/4902.01/2007
EPI_ISL_15415,A/Michigan/10/2007
EPI_ISL_21973,A/Honduras/5560/2007
EPI_ISL_118270,A/HaNoi/Q578/2007
EPI_ISL_15547,A/Georgia/07/2007
EPI_ISL_118062,A/Hue/H519/2007
EPI_ISL_25947,A/Vietnam/521/2007
EPI_ISL_15478,A/Arizona/12/2007
EPI_ISL_63358,A/Boston/14/2008
EPI_ISL_15482,A/Virginia/04/2007
EPI_ISL_208789,A/Thailand/SN07100/2007
EPI_ISL_22321,A/Singapore/66/2007
EPI_ISL_15550,A/California/30/2007
EPI_ISL_23222,A/Hong_Kong/4758/07
EPI_ISL_15871,A/Wisconsin/34/2007
EPI_ISL_29668,A/Brisbane/10/2007
EPI_ISL_208770,A/Thailand/KS07111/2007
EPI_ISL_279364,A/Nicaragua/4537_01/2007
EPI_ISL_279354,A/Nicaragua/4509_01/2007
EPI_ISL_14418,A/Ontario/1252/2007
EPI_ISL_29477,A/Managua/1507.01/2007
EPI_ISL_20599,A/Argentina/117/2007
EPI_ISL_20600,A/Argentina/503/2007
EPI_ISL_22281,A/Philippines/5305/2007
EPI_ISL_12845,A/Thailand/CU280/2007
EPI_ISL_21780,A/Argentina/3888/2007
EPI_ISL_20677,A/Santiago/10086/2007
EPI_ISL_22063,A/Hunan/Furong1217/2007
EPI_ISL_118268,A/HaNoi/Q499/2007
EPI_ISL_118373,A/Hue/H39/2008
EPI_ISL_28846,A/Qatar/AF02/2008
EPI_ISL_167309,A/Hanoi/EL135/2008
EPI_ISL_19704,A/Indiana/03/2008
EPI_ISL_23281,A/Mexico/499/2008
EPI_ISL_160928,A/New_York/1128/2008
EPI_ISL_22765,A/Florida/10/2008
EPI_ISL_23215,A/Hong_Kong/184/2008
EPI_ISL_160943,A/New_York/1141/2008
EPI_ISL_22768,A/Indiana/05/2008
EPI_ISL_29089,A/Kentucky/UR07-0049/2008
EPI_ISL_160946,A/New_York/1144/2008
EPI_ISL_25966,A/Wellington/13/2008
EPI_ISL_23848,A/Brisbane/24/2008
EPI_ISL_29299,A/Singapore/29/2008
EPI_ISL_25976,A/Kenya/1436/2008
EPI_ISL_99082,A/Costa_Rica/7172/2008
EPI_ISL_25972,A/Brisbane/24/2008
EPI_ISL_23842,A/Perth/5/2008
EPI_ISL_22773,A/New_Jersey/15/2008
EPI_ISL_28885,A/Kansas/UR07-0137/2008
EPI_ISL_62924,A/New_York/UR07-0160/2008
EPI_ISL_62816,A/Boston/78/2008
EPI_ISL_160953,A/New_York/1152/2008
EPI_ISL_25953,A/Daegu/4165/2008
EPI_ISL_23932,A/Tianjin/Jinnan173/2008
EPI_ISL_23395,A/Sydney/2/2008
EPI_ISL_25957,A/India/7882/2008
EPI_ISL_62834,A/Cheongju/H473/2008
EPI_ISL_145140,A/Indonesia/NIHRDI-JK687/2008
EPI_ISL_23941,A/New_Mexico/02/2008
EPI_ISL_145150,A/Indonesia/NIHRDI-ML769/2008
EPI_ISL_23933,A/Guatemala/494/2008
EPI_ISL_77952,A/Japan/WRAIR1059P/2008
EPI_ISL_23990,A/Singapore/22/2008
EPI_ISL_23844,A/Singapore/21/2008
EPI_ISL_208797,A/Thailand/MR07159/2008
EPI_ISL_26251,A/Wisconsin/13/2008
EPI_ISL_25967,A/Wellington/40/2008
EPI_ISL_208798,A/Thailand/MR07161/2008
EPI_ISL_28219,A/Kenya/1431/2008
EPI_ISL_29289,A/Kenya/1544/2008
EPI_ISL_25973,A/Alaska/04/2008
EPI_ISL_24352,A/Darwin/1/2008
EPI_ISL_145132,A/Indonesia/NIHRDI-BT163/2008
EPI_ISL_145133,A/Indonesia/NIHRDI-BT188/2008
EPI_ISL_145135,A/Indonesia/NIHRDI-BT195/2008
EPI_ISL_25980,A/Texas/13/2008
EPI_ISL_26250,A/New_York/33/2008
EPI_ISL_32244,A/Kenya/1668/2008
EPI_ISL_25977,A/Kentucky/01/2008
EPI_ISL_29287,A/Hong_Kong/3049/2008
EPI_ISL_118415,A/KhanhHoa/KH363/2008
EPI_ISL_32248,A/Kenya/730/2008
EPI_ISL_28214,A/Idaho/17/2008
EPI_ISL_26246,A/Colorado/03/2008
EPI_ISL_28215,A/Massachusetts/06/2008
EPI_ISL_98974,A/Colorado/04/2008
EPI_ISL_164038,A/Paris/123/2008
EPI_ISL_24626,A/Thailand/CU-1102/2008
EPI_ISL_28224,A/Wisconsin/18/2008
EPI_ISL_144603,A/Mexico/24013/2008
EPI_ISL_70645,A/Sweden/11/2008
EPI_ISL_29295,A/North_Dakota/02/2008
EPI_ISL_70649,A/Sweden/7/2008
EPI_ISL_98972,A/North_Carolina/08/2008
EPI_ISL_145175,A/Indonesia/NIHRDI-SL938/2008
EPI_ISL_29298,A/Sichuan-Qingyang/1396/2008
EPI_ISL_145161,A/Indonesia/NIHRDI-MS920/2008
EPI_ISL_145146,A/Indonesia/NIHRDI-LP580/2008
EPI_ISL_144600,A/Mexico/24010/2008
EPI_ISL_145129,A/Indonesia/NIHRDI-BM711/2008
EPI_ISL_84900,A/Bilthoven/21793/1972
EPI_ISL_237,A/Memphis/102/72
EPI_ISL_167238,A/Bilthoven/21793/1972
EPI_ISL_8587,A/Memphis/109/1972
EPI_ISL_9279,A/Memphis/105/1972
EPI_ISL_113847,A/Bilthoven/23290/1972
EPI_ISL_8676,A/Hong_Kong/6/1972
EPI_ISL_123229,A/England/42/1972
EPI_ISL_8104,A/Udorn/307/1972
EPI_ISL_113863,A/England/42/1972
EPI_ISL_8985,A/Hong_Kong/50/1972
EPI_ISL_66096,A/England/72
EPI_ISL_9190,A/Guandong/243/1972
EPI_ISL_8104,A/Udorn/307/1972
EPI_ISL_9251,A/Memphis/103/1972
EPI_ISL_110780,A/Bilthoven/6022/1972
EPI_ISL_9278,A/Memphis/101/1972
EPI_ISL_66106,A/Udorn/72
EPI_ISL_110819,A/Bilthoven/23337/1972
EPI_ISL_8104,A/Udorn/307/1972
EPI_ISL_8972,A/Nanjing/13/1980
EPI_ISL_8668,A/Hong_Kong/46/1980
EPI_ISL_9055,A/Memphis/9/1980
EPI_ISL_110861,A/Rotterdam/577/1980
EPI_ISL_9146,A/Memphis/4/1980
EPI_ISL_9252,A/Memphis/3/1980
EPI_ISL_9276,A/Memphis/1/1980
EPI_ISL_114198,A/Netherlands/209/1980
EPI_ISL_8675,A/Hong_Kong/7/1987
EPI_ISL_114294,A/Shanghai/11/1987
EPI_ISL_110865,A/Sichuan/2/1987
EPI_ISL_125877,A/Sichuan/2/1987
EPI_ISL_127587,A/Shanghai/11/1987
EPI_ISL_84908,A/Netherlands/823/1992
EPI_ISL_8696,A/Hong_Kong/14/1992
EPI_ISL_114873,A/Victoria/68/1992
EPI_ISL_110952,A/Amsterdam/4112/1992
EPI_ISL_114611,A/Geneva/5113/1992
EPI_ISL_114814,A/Paris/614/1992
EPI_ISL_114659,A/Netherlands/935/1992
EPI_ISL_110953,A/Enschede/1285/1992
EPI_ISL_114812,A/Paris/583/1992
EPI_ISL_114705,A/Nijmegen/3126/1992
EPI_ISL_110956,A/Finland/247/1992
EPI_ISL_114871,A/Umea/1982/1992
EPI_ISL_167251,A/Beijing/32/1992
EPI_ISL_110995,A/Sendai/C273/1992
EPI_ISL_127588,A/Harbin/15/1992
EPI_ISL_114815,A/South_Austalia/23/1992
EPI_ISL_110996,A/South_Australia/8/1992
EPI_ISL_110997,A/Stockholm/8/1992
EPI_ISL_114610,A/Beijing/32/1992
EPI_ISL_110998,A/Victoria/33/1992
EPI_ISL_111022,A/Netherlands/3/1993
EPI_ISL_114872,A/Umea/2000/1992
EPI_ISL_114868,A/Stockholm/12/1992
EPI_ISL_114655,A/Houston/56829/1992
EPI_ISL_114816,A/South_Austalia/27/1992
EPI_ISL_114612,A/Houston/56798/1992
EPI_ISL_114656,A/Houston/56941/1992
EPI_ISL_114867,A/Stockholm/7/1992
EPI_ISL_167243,A/Netherlands/823/1992
EPI_ISL_114661,A/Netherlands/823/1992
EPI_ISL_114706,A/Nijmegen/3129/1992
EPI_ISL_114869,A/Stockholm/13/1992
EPI_ISL_8700,A/Hong_Kong/7/1984
EPI_ISL_8987,A/Hong_Kong/4/1984
EPI_ISL_9147,A/Memphis/1/1981
EPI_ISL_110862,A/Bilthoven/4791/1981
EPI_ISL_114199,A/Lyon/2380/1981
EPI_ISL_10250,A/Bangkok/01/1979
EPI_ISL_115698,A/Bangkok/1/1979
EPI_ISL_122020,A/Bangkok/1/1979
EPI_ISL_70671,A/Stockholm/20/2009
EPI_ISL_32289,A/New_Mexico/03/2009
EPI_ISL_93881,A/Hong_Kong/H090-755-V2
EPI_ISL_164047,A/Paris/1119/2009
EPI_ISL_70807,A/Stockholm/9/2009
EPI_ISL_32297,A/Texas/02/2009
EPI_ISL_93657,A/Guam/WRAIR1670P/2009
EPI_ISL_32308,A/Wisconsin/05/2009
EPI_ISL_77950,A/Iraq/WRAIR1157P/2009
EPI_ISL_98978,A/Texas/40/2009
EPI_ISL_145196,A/Indonesia/NIHRDI-PP413/2009
EPI_ISL_32235,A/Shanghai-Nanhui/146/2009
EPI_ISL_32306,A/Washington/16/2009
EPI_ISL_77757,A/California/VRDL262/2009
EPI_ISL_61763,A/Moldova/169/2009
EPI_ISL_34958,A/Ukraine/96/2009
EPI_ISL_77938,A/Alaska/WRAIR1145P/2009
EPI_ISL_160990,A/New_York/1193/2009
EPI_ISL_77793,A/California/VRDL394/2009
EPI_ISL_77774,A/California/VRDL310/2009
EPI_ISL_32305,A/Washington/15/2009
EPI_ISL_77631,A/California/VRDL374/2009
EPI_ISL_62490,A/New_York/3062/2009
EPI_ISL_76119,A/California/VRDL138/2009
EPI_ISL_77386,A/Qingdao/2200/2009
EPI_ISL_77047,A/WESTERN_SEPIK/20/2009
EPI_ISL_98980,A/Florida/22/2009
EPI_ISL_136594,A/Tennessee/16/2009
EPI_ISL_165165,A/Mumbai/3021/2009
EPI_ISL_77392,A/Qingdao/1157/2009
EPI_ISL_68569,A/Stockholm/91/2009
EPI_ISL_102953,A/Hong_Kong/H090-768-V10/2009
EPI_ISL_66600,A/Nepal/398/2009
EPI_ISL_60157,A/MOROBE/2/2009
EPI_ISL_98989,A/Oklahoma/09/2009
EPI_ISL_136592,A/Michigan/23/2009
EPI_ISL_66706,A/Hong_Kong/34194/2009
EPI_ISL_66585,A/Florida/26/2009
EPI_ISL_76619,A/Perth/673/2009
EPI_ISL_66631,A/Nigeria/01/2009
EPI_ISL_68574,A/Stockholm/112/2009
EPI_ISL_142944,A/Singapore/C2009.863/2009
EPI_ISL_87163,A/Australia/46/2009
EPI_ISL_102829,A/Hong_Kong/H090-739-V22/2009
EPI_ISL_102801,A/Hong_Kong/H090-734-V10/2009
EPI_ISL_65125,A/CANBERRA/20/2009
EPI_ISL_116731,A/Hong_Kong/H090-747-V10/2009
EPI_ISL_116674,A/Hong_Kong/H090-734-V10/2009
EPI_ISL_77777,A/California/VRDL315/2009
EPI_ISL_69334,A/Vietnam/0941/2009
EPI_ISL_74316,A/Egypt/N04877/2009
EPI_ISL_77790,A/California/VRDL335/2009
EPI_ISL_70197,A/Vietnam/936/2009
EPI_ISL_77788,A/California/VRDL333/2009
EPI_ISL_98981,A/Oregon/15/2009
EPI_ISL_77626,A/California/VRDL361/2009
EPI_ISL_98964,A/Wisconsin/15/2009
EPI_ISL_60751,A/Wisconsin/15/2009
EPI_ISL_77080,A/VICTORIA/208/2009
EPI_ISL_76607,A/Victoria/210/2009
EPI_ISL_60761,A/Perth/16/2009
EPI_ISL_93914,A/Hong_Kong/H090-688-V1
EPI_ISL_70621,A/Thailand/CU-B1672/2009
EPI_ISL_87520,A/Cambodia/NHRCC00001/2009
EPI_ISL_208785,A/Thailand/PY08064/2009
EPI_ISL_127627,A/Finland/97/2009
EPI_ISL_98997,A/Dominican_Republic/3743/2009
EPI_ISL_93912,A/Hong_Kong/H090-689-V2
EPI_ISL_99000,A/Ethiopia/35/2009
EPI_ISL_98996,A/Dominican_Republic/3743/2009
EPI_ISL_74337,A/Egypt/N13417/2009
EPI_ISL_80870,A/Thailand/CU-H1071/2009
EPI_ISL_114762,A/Paris/512/1991
EPI_ISL_114813,A/Paris/597/1991
EPI_ISL_114760,A/Paris/457/1992
EPI_ISL_114710,A/Paris/407/1992
EPI_ISL_114557,A/Lyon/23672/1991
EPI_ISL_33841,A/Siena/3/1991
EPI_ISL_110910,A/Geneva/6447/1991
EPI_ISL_114458,A/Canberra/1/1991
EPI_ISL_114502,A/England/260/1991
EPI_ISL_115770,A/United_Kingdom/261/1991
EPI_ISL_85599,A/Laos/854/2010
EPI_ISL_136605,A/New_York/01/2010
EPI_ISL_84095,A/Puerto_Rico/01/2010
EPI_ISL_83858,A/CHRISTCHURCH/49/2010
EPI_ISL_98647,A/Vietnam/225/2010
EPI_ISL_148657,A/Hangzhou/779/2010
EPI_ISL_142660,A/Ontario/C582144/2010
EPI_ISL_83861,A/BRISBANE/258/2010
EPI_ISL_220846,A/Peloponnese.GR/4043/2010
EPI_ISL_85609,A/Jiangxi-Donghu/1900/2010
EPI_ISL_152436,A/Peru/PER160/2010
EPI_ISL_87900,A/Hawaii/22/2010
EPI_ISL_76689,A/Rhode_Island/02/2010
EPI_ISL_93658,A/Mexico_City/WRAIR1752T/2010
EPI_ISL_84036,A/Rhode_Island/01/2010
EPI_ISL_79676,A/Cote_D'Ivoire/27/2010
EPI_ISL_127629,A/Rhode_Island/01/2010
EPI_ISL_136636,A/Rhode_Island/01/2010
EPI_ISL_145226,A/Indonesia/NIHRDI-SMG219/2010
EPI_ISL_136614,A/New_York/05/2010
EPI_ISL_80869,A/Managua/305-10/2010
EPI_ISL_81404,A/Hong_Kong/1775/2010
EPI_ISL_77069,A/SURAT_THANI/269/2010
EPI_ISL_99015,A/Johannesburg/60/2010
EPI_ISL_145224,A/Indonesia/NIHRDI-SMG208/2010
EPI_ISL_81398,A/Ghana/FS-271/2010
EPI_ISL_89836,A/Vietnam/167/2010
EPI_ISL_167319,A/Hanoi/VN053/2010
EPI_ISL_80872,A/Thailand/CU-H1443/2010
EPI_ISL_76694,A/Tanzania/893/2010
EPI_ISL_76916,A/Acre/26954/2010
EPI_ISL_99014,A/Virginia/03/2010
EPI_ISL_81390,A/Stockholm/1/2010
EPI_ISL_81392,A/Netherlands/009/2010
EPI_ISL_77795,A/Honduras/6065/2010
EPI_ISL_105899,A/Kenya/095/2010
EPI_ISL_89577,A/Managua/2654.01/2010
EPI_ISL_89576,A/Managua/3345.02/2010
EPI_ISL_78688,A/BRISBANE/11/2010
EPI_ISL_77797,A/California/10/2010
EPI_ISL_145218,A/Indonesia/NIHRDI-MS283/2010
EPI_ISL_84063,A/Victoria/563/2010
EPI_ISL_142983,A/Singapore/H2010.559C/2010
EPI_ISL_99004,A/Guatemala/591/2010
EPI_ISL_136596,A/Iowa/07/2010
EPI_ISL_105938,A/Kenya/078/2010
EPI_ISL_136623,A/Nevada/03/2010
EPI_ISL_79335,A/Alabama/05/2010
EPI_ISL_88047,A/ARIZONA/13/2010
EPI_ISL_226115,A/Kenya/209/2010
EPI_ISL_80867,A/Managua/2614.02/2010
EPI_ISL_97470,A/Singapore/TT383/2010
EPI_ISL_89582,A/Managua/1260.02/2010
EPI_ISL_80865,A/Managua/4203.02/2010
EPI_ISL_163988,A/Ho_Chi_Minh/639.8/2010
EPI_ISL_81385,A/Hong_Kong/3615/2010
EPI_ISL_142647,A/Ontario/C432471/2010
EPI_ISL_83827,A/BRISBANE/217/2010
EPI_ISL_84062,A/Brisbane/210/2010
EPI_ISL_84097,A/South_Dakota/01/2010
EPI_ISL_86054,A/Hong_Kong/6894/2010
EPI_ISL_89807,A/New_Jersey/04/2010
EPI_ISL_152369,A/Peru/PER127/2010
EPI_ISL_152511,A/Peru/PER198/2010
EPI_ISL_87935,A/New_Mexico/05/2010
EPI_ISL_99045,A/Guadeloupe/201/2010
EPI_ISL_90610,A/Iowa/19/2010
EPI_ISL_86078,A/Indiana/08/2010
EPI_ISL_87913,A/Georgia/24/2010
EPI_ISL_99033,A/Pennsylvania/44/2010
EPI_ISL_88037,A/Hmelnizk/4175/2010
EPI_ISL_86091,A/Alaska/05/2010
EPI_ISL_76487,A/Philippines/2/1982
EPI_ISL_76486,A/Philippines/2-MA/1982
EPI_ISL_84902,A/Netherlands/233/1982
EPI_ISL_114200,A/Bilthoven/10684/1982
EPI_ISL_114201,A/Netherlands/241/1982
EPI_ISL_114202,A/Phillipines/2/1982
EPI_ISL_115699,A/Netherlands/233/1982
EPI_ISL_125872,A/Philippines/2/1982
EPI_ISL_167241,A/Netherlands/233/1982
EPI_ISL_87939,A/Nevada/04/2011
EPI_ISL_87956,A/Montana/02/2011
EPI_ISL_89831,A/Vermont/06/2011
EPI_ISL_90602,A/Ghana/FS-11-117/2011
EPI_ISL_109787,A/Ontario/018/2011
EPI_ISL_86073,A/Iraq/7-FSS/2011
EPI_ISL_89767,A/Florida/09/2011
EPI_ISL_90810,A/Beijing-Xicheng/1285/2011
EPI_ISL_90433,A/Stockholm/17/2011
EPI_ISL_89822,A/South_Carolina/06/2011
EPI_ISL_89766,A/District_Of_Columbia/03/2011
EPI_ISL_369524,A/New_York/WC-LVD-11-007/2011
EPI_ISL_93710,A/Norway/1170/2011
EPI_ISL_89821,A/Rhode_Island/06/2011
EPI_ISL_158673,A/Tennessee/F2079/2011
EPI_ISL_93786,A/New_York/08/2011
EPI_ISL_89842,A/Wisconsin/13/2011
EPI_ISL_93707,A/Serbia/1731/2011
EPI_ISL_93779,A/Guatemala/199/2011
EPI_ISL_152843,A/Peru/PER302/2011
EPI_ISL_205401,A/Thailand/CU-B4730/2011
EPI_ISL_93778,A/Florida/13/2011
EPI_ISL_94774,A/Taiwan/1328/2011
EPI_ISL_99063,A/Chile/64/2011
EPI_ISL_278973,A/Milano/112/2011
EPI_ISL_94858,A/DARWIN/92/2011
EPI_ISL_99060,A/Hong_Kong/3953/2011
EPI_ISL_90843,A/Nevada/08/2011
EPI_ISL_90608,A/Hong_Kong/3951/2011
EPI_ISL_90857,A/Vermont/11/2011
EPI_ISL_123020,A/Singapore/TT230/2011
EPI_ISL_123010,A/Singapore/MOH12/2011
EPI_ISL_143057,A/Singapore/H2011.460a/2011
EPI_ISL_122897,A/Singapore/EN210/2011
EPI_ISL_123016,A/Singapore/TT210/2011
EPI_ISL_99741,A/SOUTH_AUCKLAND/8/2011
EPI_ISL_100481,A/ENG/115180361/2011
EPI_ISL_122962,A/Singapore/GP1846/2011
EPI_ISL_101392,A/Catalonia/S4320/2011
EPI_ISL_104134,A/Milano/256/2011
EPI_ISL_278389,A/Korea/KUMC-GR172/2011
EPI_ISL_235301,A/Piura/FPP01106/2011
EPI_ISL_132936,A/Victoria/361/2011
EPI_ISL_122981,A/Singapore/KK245/2011
EPI_ISL_96077,A/Argentina/198/2011
EPI_ISL_143068,A/Singapore/H2011.515/2011
EPI_ISL_143004,A/Singapore/H2011.515/2011
EPI_ISL_142960,A/Singapore/C2011.564/2011
EPI_ISL_152512,A/Peru/PER199/2011
EPI_ISL_96088,A/Florida/20/2011
EPI_ISL_152684,A/Peru/PER281/2011
EPI_ISL_96090,A/Florida/22/2011
EPI_ISL_152170,A/Peru/PER027/2011
EPI_ISL_98643,A/Paraguay/210/2011
EPI_ISL_106352,A/Kenya/167/2011
EPI_ISL_152494,A/Peru/PER397/2011
EPI_ISL_100429,A/El_Salvador/1513/2011
EPI_ISL_235290,A/Thailand/FLU_PMKD0388/2011
EPI_ISL_99789,A/ENG/113720486/2011
EPI_ISL_99879,A/Tunisia/13092/2011
EPI_ISL_106865,A/SOUTH_AUSTRALIA/299/2011
EPI_ISL_128315,A/MOROCCO/47/2011
EPI_ISL_100824,A/Guizhou-Nanming/11165/2011
EPI_ISL_123053,A/Singapore/TT673/2011
EPI_ISL_205411,A/Thailand/CU-B5773/2011
EPI_ISL_101506,A/Victoria/361/2011
EPI_ISL_152837,A/Peru/PER346/2011
EPI_ISL_100840,A/Hunan-Suxian/1370/2011
EPI_ISL_102457,A/Puerto_Rico/30/2011
EPI_ISL_99215,A/Iowa/09/2011
EPI_ISL_152510,A/Peru/PER197/2011
EPI_ISL_123058,A/Singapore/TT735/2011
EPI_ISL_107829,A/Athens_GR/62/2012
EPI_ISL_140898,A/Alborz/1095/2012
EPI_ISL_206624,A/Ishikawa/43-2-184v/2012
EPI_ISL_106112,A/Oregon/01/2012
EPI_ISL_117331,A/ENG/22/2012
EPI_ISL_124527,A/Maryland/02/2012
EPI_ISL_121464,A/Finland/274/2012
EPI_ISL_117334,A/ENG/121040162/2012
EPI_ISL_108356,A/Georgia/04/2012
EPI_ISL_120852,A/Illinois/02/2012
EPI_ISL_132370,A/Krasnoyarsk/10/2012
EPI_ISL_107823,A/Athens_GR/112/2012
EPI_ISL_119704,A/Florida/09/2012
EPI_ISL_129905,A/Czech_Republic/98/2012
EPI_ISL_117060,A/Nevada/10/2012
EPI_ISL_121966,A/Slovenia/815/2012
EPI_ISL_128033,A/Finland/263/2012
EPI_ISL_119707,A/California/24/2012
EPI_ISL_122676,A/Montenegro/323/2012
EPI_ISL_135912,A/Kaliningrad/RII15/2012
EPI_ISL_164084,A/Paris/1390/2012
EPI_ISL_121524,A/Maryland/14/2012
EPI_ISL_117473,A/Glasgow/407664/2012
EPI_ISL_152847,A/Singapore/CDC204/2012
EPI_ISL_124523,A/Santiago/37126/2012
EPI_ISL_121530,A/Vermont/14/2012
EPI_ISL_122002,A/New_York/16/2012
EPI_ISL_369551,A/New_York/WC-LVD-12-017/2012
EPI_ISL_128048,A/Ghana/FS-12-0677/2012
EPI_ISL_132919,A/Sao_Paulo/10-14211/2012
EPI_ISL_152647,A/Peru/PER260/2012
EPI_ISL_137764,A/VICTORIA/7/2012
EPI_ISL_141688,A/Mahajanga/3628/2012
EPI_ISL_132032,A/Johannesburg/3392/2012
EPI_ISL_145312,A/SINGAPORE/22/2012
EPI_ISL_128750,A/SINGAPORE/22/2012
EPI_ISL_137752,A/VICTORIA/27/2012
EPI_ISL_288374,A/Victoria/148/2012
EPI_ISL_288383,A/Victoria/1002/2012
EPI_ISL_192737,A/Perth/153/2012
EPI_ISL_129001,A/Puerto_Montt/51699/2012
EPI_ISL_129544,A/Hawaii/23/2012
EPI_ISL_131272,A/Oklahoma/04/2012
EPI_ISL_188997,A/Nicaragua/AGA2-21/2012
EPI_ISL_131814,A/Pennsylvania/20/2012
EPI_ISL_131804,A/New_York/38/2012
EPI_ISL_218474,A/Cambodia/W1023353/2012
EPI_ISL_134017,A/South_Dakota/14/2012
EPI_ISL_129430,A/Maryland/23/2012
EPI_ISL_328897,A/China/321/2012
EPI_ISL_288370,A/Victoria/187/2012
EPI_ISL_129022,A/Wisconsin/23/2012
EPI_ISL_192791,A/Victoria/173/2012
EPI_ISL_369557,A/New_York/WC-LVD-12-024/2012
EPI_ISL_189205,A/Houston/JMM_77/2012
EPI_ISL_370310,A/Maryland/20_3/2012
EPI_ISL_134785,A/CHIBA-C/31/2012
EPI_ISL_133492,A/Montana/14/2012
EPI_ISL_142141,A/Maryland/3194/2012
EPI_ISL_148462,A/Cameroon/13V-231/2012
EPI_ISL_188987,A/Nicaragua/AGA2-06/2012
EPI_ISL_132506,A/OSAKA-C/69/2012
EPI_ISL_132563,A/Taiwan/1520/2012
EPI_ISL_188985,A/Nicaragua/AGA2-05/2012
EPI_ISL_147944,A/Boston/DOA2-095/2012
EPI_ISL_288355,A/South_Australia/157/2012
EPI_ISL_132658,A/Texas/83/2012
EPI_ISL_132115,A/Utah/27/2012
EPI_ISL_130193,A/Uppsala/2/2012
EPI_ISL_145925,A/Kenya/249/2012
EPI_ISL_212376,A/Rhode_Island/09/2012
EPI_ISL_160665,A/Chicago/YGA_04001/2012
EPI_ISL_143557,A/Ramallah/84/2013
EPI_ISL_152056,A/Ontario/021/2013
EPI_ISL_160658,A/Santa_Clara/YGA_03074/2013
EPI_ISL_148048,A/Boston/DOA2-218/2013
EPI_ISL_134448,A/Virginia/03/2013
EPI_ISL_370274,A/Maryland/79_2/2013
EPI_ISL_163521,A/Catalonia/6074S/2013
EPI_ISL_141683,A/Saint-Petersburg/4/2013
EPI_ISL_161497,A/Delhi/1702/2013
EPI_ISL_138723,A/California/15/2013
EPI_ISL_145527,A/Maevatanana/563/2013
EPI_ISL_161499,A/Delhi/1782/2013
EPI_ISL_235239,A/Mexico_City/1514A00905313N/2013
EPI_ISL_143578,A/Valladolid/95/2013
EPI_ISL_143256,A/District_Of_Columbia/01/2013
EPI_ISL_140992,A/Nevada/05/2013
EPI_ISL_148749,A/SYDNEY/506/2013
EPI_ISL_151124,A/Helsinki/951/2013
EPI_ISL_148473,A/Lithuania/9520/2013
EPI_ISL_205425,A/Thailand/CU-B7853/2013
EPI_ISL_141769,A/Sweden/5/2013
EPI_ISL_145492,A/Norway/2255/2013
EPI_ISL_153645,A/Korea/3439/2013
EPI_ISL_141806,A/Sweden/9/2013
EPI_ISL_145513,A/Bangladesh/9334/2013
EPI_ISL_143673,A/California/22/2013
EPI_ISL_209154,A/Singapore/H2013.403/2013
EPI_ISL_144916,A/Timis/136369/2013
EPI_ISL_146030,A/Norway/2369/2013
EPI_ISL_144497,A/CHIBA-C/44/2013
EPI_ISL_143661,A/Indiana/07/2013
EPI_ISL_288248,A/Victoria/505/2013
EPI_ISL_174259,A/Nicaragua/30072_01_TR1/2013
EPI_ISL_145083,A/Indiana/05/2013
EPI_ISL_253154,A/Yucatan/88/2013
EPI_ISL_205368,A/Thailand/CU-A134/2013
EPI_ISL_174839,A/Nepal/998B/2013
EPI_ISL_253157,A/Yucatan/176/2013
EPI_ISL_152925,A/Utah/07/2013
EPI_ISL_288236,A/Victoria/528/2013
EPI_ISL_145118,A/West_Virginia/11/2013
EPI_ISL_173014,A/Myanmar/13M085/2013
EPI_ISL_176588,A/Nepal/1375A/2013
EPI_ISL_219277,A/Auckland/21/2013
EPI_ISL_156398,A/Hangzhou/A511/2013
EPI_ISL_191135,A/Hangzhou/A511/2013
EPI_ISL_145672,A/Missouri/05/2013
EPI_ISL_191136,A/Hangzhou/A544/2013
EPI_ISL_161307,A/SOUTH_AUCKLAND/43/2013
EPI_ISL_153156,A/England/617/2013
EPI_ISL_162154,A/Zambia/13/109/2013
EPI_ISL_152896,A/YOKOHAMA/154/2013
EPI_ISL_151806,A/Alaska/14/2013
EPI_ISL_153213,A/Vietnam/476/2013
EPI_ISL_156414,A/Hangzhou/A784/2013
EPI_ISL_153047,A/SAPPORO/106/2013
EPI_ISL_191146,A/Hangzhou/A765/2013
EPI_ISL_153212,A/Ontario/RV2355/2013
EPI_ISL_164288,A/OKAYAMA/26/2013
EPI_ISL_328948,A/Beijinghuairou/1216/2013
EPI_ISL_154979,A/Norway/3266/2013
EPI_ISL_155899,A/Ireland/14M00149/2013
EPI_ISL_169431,A/Singapore/OHC008/2013
EPI_ISL_154035,A/Ukraine/710/2013
EPI_ISL_169432,A/Singapore/OHC010/2013
EPI_ISL_163103,A/Norway/18/2014
EPI_ISL_191145,A/Hangzhou/A698/2013
EPI_ISL_153168,A/Ghana/DILI-13-775/2013
EPI_ISL_155826,A/Taiwan/1019/2013
EPI_ISL_196086,A/Washington/61/2013
EPI_ISL_156404,A/Hangzhou/A683/2013
EPI_ISL_368333,A/Thailand/G1-027/2013
EPI_ISL_158077,A/New_Hampshire/03/2014
EPI_ISL_155892,A/Berlin/4/2014
EPI_ISL_162118,A/Norway/161/2014
EPI_ISL_221589,A/Athens.GR/12/2014
EPI_ISL_162135,A/Poland/160/2014
EPI_ISL_167818,A/Singapore/MOH004/2014
EPI_ISL_164210,A/Bratislava/111/2014
EPI_ISL_164411,A/Ukraine/103/2014
EPI_ISL_206290,A/Ishikawa/JP-72/2014
EPI_ISL_233740,A/Hong_Kong/4801/2014
EPI_ISL_164260,A/Stockholm/13/2014
EPI_ISL_159419,A/Goias/16075/2014
EPI_ISL_165769,A/TOKYO/32840/2014
EPI_ISL_162138,A/Poland/1894/2014
EPI_ISL_165644,A/Kazakstan/3776/2014
EPI_ISL_164635,A/Connecticut/08/2014
EPI_ISL_167234,A/Samara/CRIE-18/2014
EPI_ISL_160182,A/Rwanda/211/2014
EPI_ISL_164680,A/SAPPORO/132/2014
EPI_ISL_164515,A/SAITAMA/90/2014
EPI_ISL_219285,A/Fiji/1/2014
EPI_ISL_178221,A/New_Zealand/316/2014
EPI_ISL_162698,A/Colorado/3727/2014
EPI_ISL_160432,A/New_Jersey/05/2014
EPI_ISL_192190,A/Nigeria/928/2014
EPI_ISL_165943,A/Brazil/0128/2014
EPI_ISL_166008,A/Minnesota/19/2014
EPI_ISL_168910,A/PHILIPPINES/10/2014
EPI_ISL_165926,A/Hawaii/31/2014
EPI_ISL_165999,A/Montana/07/2014
EPI_ISL_169221,A/KANAGAWA/159/2014
EPI_ISL_272697,A/Guangdong/704/2014
EPI_ISL_278970,A/Parma/40/2014
EPI_ISL_166011,A/North_Dakota/04/2014
EPI_ISL_165734,A/Cambodia/653/2014
EPI_ISL_167913,A/Bolivia/751/2014
EPI_ISL_165651,A/South_Africa/5403/2014
EPI_ISL_165625,A/Dakar/16/2014
EPI_ISL_165985,A/Argentina/142/2014
EPI_ISL_164213,A/Czech_Republic/6/2014
EPI_ISL_165955,A/New_Jersey/21/2014
EPI_ISL_165463,A/Sao_Paulo/13-10842/2014
EPI_ISL_250213,A/Montana/15/2014
EPI_ISL_168726,A/Texas/43/2014
EPI_ISL_168718,A/Oregon/05/2014
EPI_ISL_257194,A/Saudi_Arabia/07/2014
EPI_ISL_167407,A/Mississippi/05/2014
EPI_ISL_179489,A/Netherlands/767/2014
EPI_ISL_169209,A/Laos/I863/2014
EPI_ISL_168976,A/Hong_Kong/7276/2014
EPI_ISL_168974,A/Hong_Kong/7243/2014
EPI_ISL_168938,A/VICTORIA/268/2014
EPI_ISL_169727,A/Chongqing-Banan/1457/2014
EPI_ISL_175008,A/DAKAR/32/2014
EPI_ISL_192814,A/Victoria/5059/2014
EPI_ISL_249770,A/Minnesota/22/2014
EPI_ISL_249765,A/Florida/35/2014
EPI_ISL_169503,A/North_Carolina/23/2014
EPI_ISL_288183,A/Tasmania/122/2014
EPI_ISL_168735,A/Jiangxi-Zhushan/1713/2014
EPI_ISL_191424,A/Wisconsin/64/2014
EPI_ISL_170146,A/Louisiana/20/2014
EPI_ISL_169344,A/Illinois/05/2014
EPI_ISL_169792,A/OITA/23/2014
EPI_ISL_205400,A/Thailand/CU-H3680/2014
EPI_ISL_170106,A/North_Carolina/33/2014
EPI_ISL_170704,A/Tennessee/18/2014
EPI_ISL_188778,A/England/45040069/2014
EPI_ISL_171748,A/Finland/465/2014
EPI_ISL_189842,A/Congo/2495/2014
EPI_ISL_169239,A/Catalonia/7513S/2014
EPI_ISL_172543,A/New_Jersey/32/2014
EPI_ISL_199857,A/Japan/4527/2015
EPI_ISL_175031,A/Glasgow/401674/2015
EPI_ISL_194183,A/Wisconsin/30/2015
EPI_ISL_176562,A/Delaware/10/2015
EPI_ISL_176684,A/Idaho/04/2015
EPI_ISL_281855,A/Canada/9B/2015
EPI_ISL_181574,A/CastillaLaMancha/660/2015
EPI_ISL_179485,A/Netherlands/1744/2015
EPI_ISL_181570,A/Burgos/207/2015
EPI_ISL_176749,A/Nevada/19/2015
EPI_ISL_192168,A/Kazakhstan/341/2015
EPI_ISL_176647,A/Wisconsin/15/2015
EPI_ISL_307603,A/Palestine/60/2015(H3N2)
EPI_ISL_210368,A/Vietnam/0113/2015
EPI_ISL_215714,A/Singapore/TT198/2015
EPI_ISL_191225,A/Hangzhou/A269/2015
EPI_ISL_192160,A/Hawaii/31/2015
EPI_ISL_190934,A/Ukraine/170/2015
EPI_ISL_193164,A/Estonia/93250/2015
EPI_ISL_243120,A/Arizona/4877/2015
EPI_ISL_202443,A/Goroka/06/2015
EPI_ISL_215828,A/Singapore/TT289/2015
EPI_ISL_177688,A/Karlstad/3/2015
EPI_ISL_193334,A/Peru/34/2015
EPI_ISL_211685,A/Mali/110_CH/2015
EPI_ISL_190649,A/Sao_Paulo/10-20095/2015
EPI_ISL_205158,A/Victoria/511/2015
EPI_ISL_200664,A/Hawaii/34/2015
EPI_ISL_192885,A/Sao_Paulo/3-29582/2015
EPI_ISL_196612,A/Victoria/511/2015
EPI_ISL_198219,A/Michigan/41/2015
EPI_ISL_287936,A/Tasmania/1015/2015
EPI_ISL_255120,A/Alaska/135/2015
EPI_ISL_195842,A/Alaska/138/2015
EPI_ISL_203540,A/Alaska/163/2015
EPI_ISL_287847,A/Victoria/55/2015
EPI_ISL_205852,A/Stavropol/8/2015
EPI_ISL_219115,A/Washington/69/2015
EPI_ISL_215771,A/California/117/2015
EPI_ISL_297082,A/Shiraz/1014/2015
EPI_ISL_393939,A/Kilifi/102/2015
EPI_ISL_213088,A/Lisboa/76/2015
EPI_ISL_197787,A/Alaska/74/2015
EPI_ISL_197967,A/South_Australia/1002/2015
EPI_ISL_192693,A/Arizona/09/2015
EPI_ISL_194504,A/Christchurch/502/2015
EPI_ISL_192593,A/Norway/2504/2015
EPI_ISL_198045,A/Cambodia/Ad05323/2015
EPI_ISL_202586,A/Brisbane/1004/2015
EPI_ISL_201214,A/Alaska/101/2015
EPI_ISL_287956,A/Sydney/1010/2015
EPI_ISL_195848,A/Alaska/147/2015
EPI_ISL_202665,A/Perth/59/2015
EPI_ISL_201672,A/Norway/2571/2015
EPI_ISL_206219,A/Puerto_Rico/32/2015
EPI_ISL_207025,A/Nigeria/235/2015
EPI_ISL_205643,A/Puerto_Rico/17/2015
EPI_ISL_287844,A/Sydney/1043/2015
EPI_ISL_287921,A/Sydney/1033/2015
EPI_ISL_205222,A/Massachusetts/25/2015
EPI_ISL_201103,A/Stockholm/45/2015
EPI_ISL_213978,A/Cote_D'Ivoire/1916/2015
EPI_ISL_202095,A/Maine/43/2015
EPI_ISL_207830,A/Jiangsu-Nanjinggulou/13187/2015
EPI_ISL_202911,A/Alaska/261/2015
EPI_ISL_213006,A/Massachusetts/29/2015
EPI_ISL_211930,A/Shanghai-Pudongxin/11809/2015
EPI_ISL_205766,A/Halmstad/1/2015
EPI_ISL_205772,A/Stockholm/58/2015
EPI_ISL_215625,A/Cambodia/1181/2015
EPI_ISL_215253,A/Colombia/6860/2015
EPI_ISL_206231,A/Puerto_Rico/50/2015
EPI_ISL_224220,A/SAGAMIHARA/1/2016
EPI_ISL_218924,A/Agadir/217/2016
EPI_ISL_219138,A/Kansas/03/2016
EPI_ISL_211775,A/Slovenia/316/2016
EPI_ISL_223585,A/Yunnan-Lushui/153/2016
EPI_ISL_219119,A/Georgia/03/2016
EPI_ISL_393737,A/Kilifi/081/2016
EPI_ISL_223362,A/Ontario/RV1200/2016
EPI_ISL_253938,A/Gyeonggi/458/2016
EPI_ISL_220367,A/Illinois/09/2016
EPI_ISL_222037,A/Maryland/11/2016
EPI_ISL_215803,A/Washington/35/2016
EPI_ISL_232875,A/Tajikistan/15/2016
EPI_ISL_223193,A/Wisconsin/62/2016
EPI_ISL_236844,A/AOMORI/13/2016
EPI_ISL_224010,A/Florida/58/2016
EPI_ISL_272223,A/Ontario/233/2016
EPI_ISL_232104,A/Tanzania/2230/2016
EPI_ISL_219238,A/Nevada/22/2016
EPI_ISL_222072,A/Washington/47/2016
EPI_ISL_220314,A/Colorado/19/2016
EPI_ISL_224000,A/Colorado/28/2016
EPI_ISL_224228,A/SAPPORO/80/2016
EPI_ISL_223360,A/Minnesota/43/2016
EPI_ISL_259586,A/Tunis/14647/2016
EPI_ISL_257350,A/Bayern/77/2016
EPI_ISL_241538,A/Denmark/104/2016
EPI_ISL_262188,A/Azerbaijan/924/2016
EPI_ISL_241828,A/Pays_de_Loire/3482/2016
EPI_ISL_253625,A/Texas/204/2016
EPI_ISL_230315,A/Argentina/116/2016
EPI_ISL_289123,A/South_Australia/29/2016
EPI_ISL_233870,A/South_Australia/33/2016
EPI_ISL_225110,A/Florida/64/2016
EPI_ISL_233842,A/Victoria/504/2016
EPI_ISL_233271,A/Fiji/61/2016
EPI_ISL_241799,A/Paris/3060/2016
EPI_ISL_252572,A/Moscow/CRIE-08/2016
EPI_ISL_242713,A/Oklahoma/14/2016
EPI_ISL_254889,A/Alberta/150/2016
EPI_ISL_249009,A/Yaroslavl/160/2016
EPI_ISL_244902,A/Dnipro/713/2016
EPI_ISL_242687,A/Bangladesh/1004/2016
EPI_ISL_225856,A/Singapore/INFGP-16-1252/2016
EPI_ISL_225853,A/Singapore/INFKK-16-0610/2016
EPI_ISL_238606,A/South_Africa/4069/2016
EPI_ISL_225951,A/Singapore/INFGP-16-1220/2016
EPI_ISL_237600,A/England/62440429/2016
EPI_ISL_230327,A/Georgia/58/2016
EPI_ISL_238609,A/Bangladesh/708004/2016
EPI_ISL_233421,A/Oman/5449/2016
EPI_ISL_290091,A/Thailand/CU-B17183/2016
EPI_ISL_233352,A/Sydney/167/2016
EPI_ISL_232561,A/Florida/70/2016
EPI_ISL_243958,A/Malaysia/1358/2016
EPI_ISL_239303,A/Singapore/GP2177/2016
EPI_ISL_259534,A/Cameroon/7086/2016
EPI_ISL_237661,A/South-Africa/VW0105/2016
EPI_ISL_239323,A/Singapore/MOH0104/2016
EPI_ISL_237871,A/Newcastle/110/2016
EPI_ISL_240551,A/OSAKA-C/2011/2016
EPI_ISL_289030,A/South_Australia/125/2016
EPI_ISL_236651,A/Guyane/2776/2016
EPI_ISL_239461,A/Saudi_Arabia/191664/2016
EPI_ISL_239498,A/Saudi_Arabia/192868/2016
EPI_ISL_239949,A/Victoria/822/2016
EPI_ISL_263382,A/Shiraz/07/2016
EPI_ISL_259673,A/Lyon/2223/2016
EPI_ISL_238734,A/Tennessee/29/2016
EPI_ISL_238700,A/Michigan/107/2016
EPI_ISL_255454,A/Sydney/90/2016
EPI_ISL_238704,A/Florida/87/2016
EPI_ISL_382198,A/Basel/USB002325.4/2017
EPI_ISL_382269,A/Basel/USB002598.4/2017
EPI_ISL_382401,A/Basel/USB002837.4/2017
EPI_ISL_270493,A/England/70380307/2017
EPI_ISL_382218,A/Basel/USB002441.4/2017
EPI_ISL_249171,A/Sri_Lanka/1/2017
EPI_ISL_270993,A/South_Carolina/NHRC_JX41745/2017
EPI_ISL_255682,A/Basse_Normandie/1055/2017
EPI_ISL_289394,A/Pennsylvania/163/2017
EPI_ISL_286729,A/Wisconsin/176/2017
EPI_ISL_382547,A/Basel/USB003293.4/2017
EPI_ISL_274177,A/Rio_de_Janeiro/323/2017
EPI_ISL_284060,A/Maryland/82/2017
EPI_ISL_299762,A/Abu_Dhabi/0013/2017
EPI_ISL_285666,A/Texas/288/2017
EPI_ISL_286058,A/Oklahoma/28/2017
EPI_ISL_291411,A/Norway/3297/2017
EPI_ISL_293786,A/Tasmania/67/2017
EPI_ISL_258381,A/Florida/21/2017
EPI_ISL_287210,A/Wisconsin/233/2017
EPI_ISL_261855,A/Montana/13/2017
EPI_ISL_296576,A/Florida/108/2017
EPI_ISL_269455,A/South_Auckland/20/2017
EPI_ISL_272923,A/Punta_Arenas/25384/2017
EPI_ISL_268247,A/Washington/291/2017
EPI_ISL_266680,A/Tennessee/40/2017
EPI_ISL_269441,A/South_Australia/75/2017
EPI_ISL_268308,A/Tanzania/2460/2017
EPI_ISL_273657,A/Moscow/74/2017
EPI_ISL_284674,A/Israel/C3924/2017
EPI_ISL_275862,A/Brazil/291/2017
EPI_ISL_282273,A/South_Australia/109/2017
EPI_ISL_290260,A/Kenya/019/2017
EPI_ISL_267783,A/YOKOHAMA/138/2017
EPI_ISL_275754,A/Argentina/103/2017
EPI_ISL_270172,A/Hawaii/27/2017
EPI_ISL_275904,A/Guatemala/089/2017
EPI_ISL_274717,A/Hong_Kong/3102/2017
EPI_ISL_281723,A/Argentina/13060/2017
EPI_ISL_381599,A/MUWRP-Uganda/705/2017
EPI_ISL_275264,A/Sydney/144/2017
EPI_ISL_275230,A/South_Australia/142/2017
EPI_ISL_275204,A/Newcastle/55/2017
EPI_ISL_292522,A/Parana/727/2017
EPI_ISL_277203,A/Honduras/506/2017
EPI_ISL_335034,A/Macao/602782/2017
EPI_ISL_274734,A/Hong_Kong/3122/2017
EPI_ISL_277617,A/Wellington/47/2017
EPI_ISL_277851,A/Hawaii/42/2017
EPI_ISL_313371,A/Victoria/147/2017
EPI_ISL_295084,A/Nicaragua/7803_01/2017
EPI_ISL_292527,A/Vietnam/GHS798/2017
EPI_ISL_313360,A/Victoria/107/2017
EPI_ISL_320428,A/Macau/603824/2017
EPI_ISL_282971,A/Stockholm/38/2017
EPI_ISL_291333,A/Tasmania/61/2017
EPI_ISL_282847,A/Missouri/29/2017
EPI_ISL_302469,A/Cameroon/9406/2017
EPI_ISL_289539,A/Laos/3283/2017
EPI_ISL_313411,A/South_Australia/1068/2017
EPI_ISL_296083,A/Colombia/6446/2017
EPI_ISL_305792,A/Abu_Dhabi/106/2017
EPI_ISL_289761,A/Hawaii/56/2017
EPI_ISL_291077,A/England/74680314/2017
EPI_ISL_327731,A/California/BRD21615N/2017
EPI_ISL_305788,A/Costa_Rica/6964/2017
EPI_ISL_295826,A/Indiana/37/2017
EPI_ISL_373491,A/Texas/7437/2017
EPI_ISL_329393,A/Mississippi/6480/2017
EPI_ISL_358412,A/Tennessee/81/2017
EPI_ISL_306503,A/MIE/39/2017
EPI_ISL_298369,A/Peru/7917/2017
EPI_ISL_361761,A/Pennsylvania/200/2018
EPI_ISL_306248,A/Kazakhstan/117/2018
EPI_ISL_301453,A/England/80380713/2018
EPI_ISL_299921,A/Kentucky/06/2018
EPI_ISL_299968,A/Connecticut/05/2018
EPI_ISL_309531,A/Argentina/11/2018
EPI_ISL_307398,A/KANAGAWA/IC1737/2018
EPI_ISL_361480,A/Wisconsin/424/2018
EPI_ISL_304317,A/Oregon/11/2018
EPI_ISL_302289,A/Sweden/13/2018
EPI_ISL_329850,A/New_Hampshire/11/2018
EPI_ISL_315880,A/Mordoviya/CRIE/119/2018
EPI_ISL_361598,A/Wisconsin/489/2018
EPI_ISL_308955,A/Massachusetts/18/2018
EPI_ISL_320295,A/Moscow/90/2018
EPI_ISL_314282,A/Paris/1578/2018
EPI_ISL_361697,A/Wisconsin/476/2018
EPI_ISL_309467,A/Penarth/8264/2018
EPI_ISL_338636,A/Ontario/RV4332/2018
EPI_ISL_339714,A/Florida/128/2018
EPI_ISL_348132,A/Pennsylvania/522/2018
EPI_ISL_338592,A/Nebraska/20/2018
EPI_ISL_341184,A/Maryland/61/2018
EPI_ISL_372056,A/New_York/7739/2018
EPI_ISL_320355,A/Idaho/20/2018
EPI_ISL_315765,A/Navarra/2150/2018
EPI_ISL_322232,A/Minas_Gerais/443/2018
EPI_ISL_309563,A/West_Virginia/22/2018
EPI_ISL_320651,A/Northern_Ireland/13397/2018
EPI_ISL_335010,A/Hubei-Xiling/1276/2018
EPI_ISL_320403,A/Brisbane/66/2018
EPI_ISL_326906,A/New_York/PV01355/2018
EPI_ISL_320278,A/Arizona/37/2018
EPI_ISL_322150,A/Iquique/44531/2018
EPI_ISL_314411,A/Alaska/43/2018
EPI_ISL_320646,A/Moscow/186/2018
EPI_ISL_346061,A/Kenya/155/2018
EPI_ISL_321221,A/Santiago/59907/2018
EPI_ISL_334925,A/Fujian-Tongan/1542/2018
EPI_ISL_331201,A/Taiwan/79440/2018
EPI_ISL_331534,A/Suriname/0202/2018
EPI_ISL_347968,A/Kuwait/6405/2018
EPI_ISL_330253,A/Uruguay/609/2018
EPI_ISL_347062,A/Antofagasta/77947/2018
EPI_ISL_347044,A/Puerto_Montt/73112/2018
EPI_ISL_331540,A/Minnesota/42/2018
EPI_ISL_346060,A/Kenya/159/2018
EPI_ISL_347066,A/Antofagasta/77971/2018
EPI_ISL_336707,A/Abu_Dhabi/116/2018
EPI_ISL_333456,A/Abu_Dhabi/107/2018
EPI_ISL_333474,A/Abu_Dhabi/109/2018
EPI_ISL_333435,A/Abu_Dhabi/102/2018
EPI_ISL_332091,A/Myanmar/18M221/2018
EPI_ISL_363639,A/Bangladesh/80914003/2018
EPI_ISL_336102,A/Oman/4649/2018
EPI_ISL_379447,A/USA/SC6027/2018
EPI_ISL_347174,A/Oman/5233/2018
EPI_ISL_331907,A/Florida/96/2018
EPI_ISL_379875,A/New_York_City/PV00655/2018
EPI_ISL_331128,A/Idaho/23/2018
EPI_ISL_321207,A/Puerto_Rico/21/2018
EPI_ISL_331790,A/Kanagawa/AC1740/2018
EPI_ISL_321875,A/Paraguay/3985/2018
EPI_ISL_330961,A/Maldives/993/2018
EPI_ISL_331358,A/Oman/3372/2018
EPI_ISL_355796,A/Vina_del_Mar/52625/2018
EPI_ISL_337920,A/Norway/3670/2018
EPI_ISL_341042,A/Georgia/37/2018
EPI_ISL_343199,A/England/763/2018
EPI_ISL_336088,A/Iceland/109/2018_(24237)
EPI_ISL_333671,A/Oman/5810/2018
EPI_ISL_350588,A/Singapore/GP2029/2018
EPI_ISL_341082,A/Alabama/07/2019
EPI_ISL_346235,A/Kuwait/713/2019
EPI_ISL_345807,A/Lyon/0341/2019
EPI_ISL_364773,A/Austria/1121455/2019
EPI_ISL_337420,A/Krasnogvardeyskoye/RII-1100S/2019
EPI_ISL_346659,A/MIYAGI/2/2019
EPI_ISL_394741,A/Ontario/312/2019
EPI_ISL_359403,A/Pennsylvania/700/2019
EPI_ISL_355880,A/South_Australia/34/2019
EPI_ISL_349876,A/Illinois/16/2019
EPI_ISL_387286,A/Texas/8528/2019
EPI_ISL_357328,A/Slovenia/1222/2019
EPI_ISL_380273,A/Washington/479/2019
EPI_ISL_356876,A/KANAGAWA/AC1876/2019
EPI_ISL_369004,A/Washington/9604/2019
EPI_ISL_366916,A/Oklahoma/8814/2019
EPI_ISL_355038,A/Greece/1392/19/2019
EPI_ISL_356849,A/Alingsas/1/2019
EPI_ISL_378545,A/Sydney/105/2019
EPI_ISL_392546,A/Goianesia/497545-IAL/2019
EPI_ISL_387481,A/North_Dakota/9398/2019
EPI_ISL_357334,A/Slovenia/1692/2019
EPI_ISL_378050,A/Mexico/1840/2019
EPI_ISL_356279,A/Idaho/25/2019
EPI_ISL_381575,A/New_Mexico/9823/2019
EPI_ISL_357340,A/Usk/3845/2019
EPI_ISL_368181,A/Guyane/589/2019
EPI_ISL_377881,A/Michigan/381/2019
EPI_ISL_363954,A/Florida/64/2019
EPI_ISL_380089,A/Guatemala/269/2019
EPI_ISL_391156,A/Bangladesh/2044/2019
EPI_ISL_365819,A/South_Carolina/13/2019
EPI_ISL_365850,A/Ohio/21/2019
EPI_ISL_394044,A/Seychelles/542/2019
EPI_ISL_390053,A/Bangladesh/2005/2019
EPI_ISL_388766,A/South_Africa/R06432/2019
EPI_ISL_390123,A/Kenya/1799/2019
EPI_ISL_377063,A/Guangxi-Xinbin/1580/2019
EPI_ISL_390593,A/Darwin/583/2019
EPI_ISL_389071,A/Darwin/552/2019
EPI_ISL_390583,A/Perth/1127/2019
EPI_ISL_390111,A/Costa_Rica/8289/2019
EPI_ISL_394936,A/Suriname/0886/2019
EPI_ISL_390596,A/Victoria/213/2019
EPI_ISL_390595,A/Victoria/2776/2019
EPI_ISL_391366,A/Hawaii/58/2019
EPI_ISL_392551,A/Indiana/35/2019
EPI_ISL_394030,A/Norway/2219/2019
EPI_ISL_391800,A/Bucuresti/252254/2019
EPI_ISL_394884,A/Montana/44/2019
EPI_ISL_394881,A/Delaware/48/2019
EPI_ISL_395035,A/Iowa/43/2019
EPI_ISL_392584,A/Wisconsin/562/2019
EPI_ISL_395036,A/Iowa/44/2019
EPI_ISL_395058,A/Newport/7226/2019
EPI_ISL_395173,A/Pontypool/9038/2019
EPI_ISL_393724,A/Saint-Petersburg/RII-07S/2019
EPI_ISL_395172,A/Netherlands/10257/2019
EPI_ISL_395057,A/Port_Talbot/4478/2019
EPI_ISL_395175,A/Cardiff/3356/2019
